account,property_name,amount
Cleaning services,10 Anderson Mtn Dr,525
Dumpsters,10 Anderson Mtn Dr,1978.32
Earnest money,10 Anderson Mtn Dr,3750
Interest Payment,10 Anderson Mtn Dr,25862.5
Labor,10 Anderson Mtn Dr,52538
Materials,10 Anderson Mtn Dr,43911.57
Property Insurance,10 Anderson Mtn Dr,4626.26
Property Purchase,10 Anderson Mtn Dr,77483.58
Property taxes,10 Anderson Mtn Dr,1600.2
Staging and Interiors,10 Anderson Mtn Dr,3650
Third Party Vendors,10 Anderson Mtn Dr,36141.48
Utilities,10 Anderson Mtn Dr,5979.15
Total for Expenses,10 Anderson Mtn Dr,258046.06000000006
Net Operating Income,10 Anderson Mtn Dr,-258046.06000000006
Net Income,10 Anderson Mtn Dr,-258046.06000000006
Labor,1006 Belcher Ferry Rd,12500
Materials,1006 Belcher Ferry Rd,12662.97
Third Party Vendors,1006 Belcher Ferry Rd,12632
Utilities,1006 Belcher Ferry Rd,439.31
Total for Expenses,1006 Belcher Ferry Rd,38234.28
Net Operating Income,1006 Belcher Ferry Rd,-38234.28
Net Income,1006 Belcher Ferry Rd,-38234.28
Sale of property,1008 Mtn. Oaks Dr.,333772.55
Total for Income,1008 Mtn. Oaks Dr.,333772.55
Gross Profit,1008 Mtn. Oaks Dr.,333772.55
Cleaning services,1008 Mtn. Oaks Dr.,200
Dumpsters,1008 Mtn. Oaks Dr.,2017.47
Earnest money,1008 Mtn. Oaks Dr.,5000
Equipment,1008 Mtn. Oaks Dr.,996.2
Labor,1008 Mtn. Oaks Dr.,27796.19
Materials,1008 Mtn. Oaks Dr.,11304.02
Permits,1008 Mtn. Oaks Dr.,1632.25
Property Purchase,1008 Mtn. Oaks Dr.,156450.45
Third Party Vendors,1008 Mtn. Oaks Dr.,52851.94
Utilities,1008 Mtn. Oaks Dr.,551.37
Total for Expenses,1008 Mtn. Oaks Dr.,258799.89
Net Operating Income,1008 Mtn. Oaks Dr.,74972.65999999997
Net Income,1008 Mtn. Oaks Dr.,74972.65999999997
Sale of property,1008 Springhill Ln,901924.27
Total for Income,1008 Springhill Ln,901924.27
Gross Profit,1008 Springhill Ln,901924.27
Automobile Expense,1008 Springhill Ln,234.32
Cleaning services,1008 Springhill Ln,850
Consulting fee,1008 Springhill Ln,3302.75
Dumpsters,1008 Springhill Ln,12546.8
HOA Fees,1008 Springhill Ln,116.85
Interest Payment,1008 Springhill Ln,29894.86
Labor,1008 Springhill Ln,143940
Materials,1008 Springhill Ln,198683.05
Professional Fees,1008 Springhill Ln,2500
Property Insurance,1008 Springhill Ln,3043.5
Property Purchase,1008 Springhill Ln,100805.76
Staging and Interiors,1008 Springhill Ln,6599.43
Third Party Vendors,1008 Springhill Ln,128250.94
Utilities,1008 Springhill Ln,8628.97
Total for Expenses,1008 Springhill Ln,639397.23
Net Operating Income,1008 Springhill Ln,262527.04000000004
Net Income,1008 Springhill Ln,262527.04000000004
Sale of property,1014 Mtn. Laurel Cir.,181802.97
Total for Income,1014 Mtn. Laurel Cir.,181802.97
Gross Profit,1014 Mtn. Laurel Cir.,181802.97
Dumpsters,1014 Mtn. Laurel Cir.,2291.75
Labor,1014 Mtn. Laurel Cir.,32350
Materials,1014 Mtn. Laurel Cir.,26771.11
Payroll,1014 Mtn. Laurel Cir.,20.28
Property Insurance,1014 Mtn. Laurel Cir.,1686
Property Purchase,1014 Mtn. Laurel Cir.,181183.67
Third Party Vendors,1014 Mtn. Laurel Cir.,14913.76
Total for Expenses,1014 Mtn. Laurel Cir.,259216.57
Net Operating Income,1014 Mtn. Laurel Cir.,-77413.6
Net Income,1014 Mtn. Laurel Cir.,-77413.6
Business License,1017 Burnt Pine Ln,139.34
Cleaning services,1017 Burnt Pine Ln,260
Dumpsters,1017 Burnt Pine Ln,3069.99
Interest Payment,1017 Burnt Pine Ln,2059.77
Labor,1017 Burnt Pine Ln,28000
Materials,1017 Burnt Pine Ln,25156.73
Property Insurance,1017 Burnt Pine Ln,560.97
Property Purchase,1017 Burnt Pine Ln,28163.01
Third Party Vendors,1017 Burnt Pine Ln,15587
Utilities,1017 Burnt Pine Ln,879.09
Total for Expenses,1017 Burnt Pine Ln,103875.9
Net Operating Income,1017 Burnt Pine Ln,-103875.9
Net Income,1017 Burnt Pine Ln,-103875.9
Admin Services,1020 Legacy Cove,300
Total for Expenses,1020 Legacy Cove,300
Net Operating Income,1020 Legacy Cove,-300
Net Income,1020 Legacy Cove,-300
Sale of property,103 Kingstown Cir,125113.68
Total for Income,103 Kingstown Cir,125113.68
Gross Profit,103 Kingstown Cir,125113.68
Cleaning services,103 Kingstown Cir,290
Dumpsters,103 Kingstown Cir,1501.64
Interest Payment,103 Kingstown Cir,4500
Labor,103 Kingstown Cir,29050
Materials,103 Kingstown Cir,19761.48
Property Purchase,103 Kingstown Cir,180841.14
Third Party Vendors,103 Kingstown Cir,18081.84
Total for Expenses,103 Kingstown Cir,254026.1
Net Operating Income,103 Kingstown Cir,-128912.42000000001
Mortgage,103 Kingstown Cir,180000
Total for Other Income,103 Kingstown Cir,180000
Net Other Income,103 Kingstown Cir,180000
Net Income,103 Kingstown Cir,51087.57999999999
Sale of property,103 Mack Roper Rd.,357029.91
Total for Income,103 Mack Roper Rd.,357029.91
Gross Profit,103 Mack Roper Rd.,357029.91
Dumpsters,103 Mack Roper Rd.,4367.36
Interest Payment,103 Mack Roper Rd.,800
Labor,103 Mack Roper Rd.,38812
Materials,103 Mack Roper Rd.,40815.83
Permits,103 Mack Roper Rd.,1066
Property Insurance,103 Mack Roper Rd.,1798
Property Purchase,103 Mack Roper Rd.,211015.62
Third Party Vendors,103 Mack Roper Rd.,20704.5
Total for Expenses,103 Mack Roper Rd.,319379.31
Net Operating Income,103 Mack Roper Rd.,37650.59999999998
Net Income,103 Mack Roper Rd.,37650.59999999998
Sale of property,1037 Sharp Dr,133264.52
Total for Income,1037 Sharp Dr,133264.52
Gross Profit,1037 Sharp Dr,133264.52
Closing Costs,1037 Sharp Dr,22117.44
Dumpsters,1037 Sharp Dr,2086.04
Interest Payment,1037 Sharp Dr,2745.86
Labor,1037 Sharp Dr,27225
Materials,1037 Sharp Dr,33872.93
Third Party Vendors,1037 Sharp Dr,25783.25
Utilities,1037 Sharp Dr,653.61
Total for Expenses,1037 Sharp Dr,114484.12999999999
Net Operating Income,1037 Sharp Dr,18780.39
Net Income,1037 Sharp Dr,18780.39
Dumpsters,1048 Gene Reed Rd,1068.18
Labor,1048 Gene Reed Rd,18608
Materials,1048 Gene Reed Rd,19892.48
Property Insurance,1048 Gene Reed Rd,1404.77
Referal Fee,1048 Gene Reed Rd,15000
Third Party Vendors,1048 Gene Reed Rd,6089.08
Utilities,1048 Gene Reed Rd,753.35
Total for Expenses,1048 Gene Reed Rd,62815.86
Net Operating Income,1048 Gene Reed Rd,-62815.86
Net Income,1048 Gene Reed Rd,-62815.86
Sale of property,105 Kingstown Rd,86793.86
Total for Income,105 Kingstown Rd,86793.86
Gross Profit,105 Kingstown Rd,86793.86
Closing Costs,105 Kingstown Rd,1925.7
Dumpsters,105 Kingstown Rd,4786.14
Interest Payment,105 Kingstown Rd,9090
Labor,105 Kingstown Rd,24705
Materials,105 Kingstown Rd,30622.67
Third Party Vendors,105 Kingstown Rd,23605.71
Utilities,105 Kingstown Rd,392.71
Total for Expenses,105 Kingstown Rd,95127.93000000001
Net Operating Income,105 Kingstown Rd,-8334.070000000007
Net Income,105 Kingstown Rd,-8334.070000000007
Sale of property,106 Wildwood Dr.,180036.82
Total for Income,106 Wildwood Dr.,180036.82
Gross Profit,106 Wildwood Dr.,180036.82
Cleaning services,106 Wildwood Dr.,200
Closing Costs,106 Wildwood Dr.,1772.57
Dumpsters,106 Wildwood Dr.,4745.79
Interest Payment,106 Wildwood Dr.,9709.82
Labor,106 Wildwood Dr.,39948
Materials,106 Wildwood Dr.,28187.06
Photography,106 Wildwood Dr.,10
Property Insurance,106 Wildwood Dr.,2666.5
Third Party Vendors,106 Wildwood Dr.,50550.89
Total for Expenses,106 Wildwood Dr.,137790.63
Net Operating Income,106 Wildwood Dr.,42246.19
Net Income,106 Wildwood Dr.,42246.19
Sale of property,107 Kingstown Cir,153744.82
Total for Income,107 Kingstown Cir,153744.82
Gross Profit,107 Kingstown Cir,153744.82
Dumpsters,107 Kingstown Cir,4796.38
Interest Payment,107 Kingstown Cir,5400
Labor,107 Kingstown Cir,37929
Materials,107 Kingstown Cir,30517.78
Third Party Vendors,107 Kingstown Cir,24435.2
Utilities,107 Kingstown Cir,705.62
Total for Expenses,107 Kingstown Cir,103783.98
Net Operating Income,107 Kingstown Cir,49960.84000000001
Net Income,107 Kingstown Cir,49960.84000000001
Sale of property,108 Pine Tree Cir,98503
Total for Income,108 Pine Tree Cir,98503
Gross Profit,108 Pine Tree Cir,98503
Cleaning services,108 Pine Tree Cir,310
Closing Costs,108 Pine Tree Cir,8505
Dumpsters,108 Pine Tree Cir,1918.89
Interest Payment,108 Pine Tree Cir,8533.36
Labor,108 Pine Tree Cir,25050
Materials,108 Pine Tree Cir,20836.73
Property Purchase,108 Pine Tree Cir,163716.96
Third Party Vendors,108 Pine Tree Cir,20930.59
Utilities,108 Pine Tree Cir,82.98
Total for Expenses,108 Pine Tree Cir,249884.51
Net Operating Income,108 Pine Tree Cir,-151381.51
Mortgage,108 Pine Tree Cir,160000
Total for Other Income,108 Pine Tree Cir,160000
Net Other Income,108 Pine Tree Cir,160000
Net Income,108 Pine Tree Cir,8618.48999999999
Sale of property,108 Southview Dr,199360.57
Total for Income,108 Southview Dr,199360.57
Gross Profit,108 Southview Dr,199360.57
Cleaning services,108 Southview Dr,970
Dumpsters,108 Southview Dr,2578.89
Interest Payment,108 Southview Dr,19582.69
Labor,108 Southview Dr,50696.48
Materials,108 Southview Dr,55157.83
Property Purchase,108 Southview Dr,63024.73
Property taxes,108 Southview Dr,3237.5
Third Party Vendors,108 Southview Dr,37947.3
Utilities,108 Southview Dr,2422.33
Total for Expenses,108 Southview Dr,235617.74999999997
Net Operating Income,108 Southview Dr,-36257.179999999964
Net Income,108 Southview Dr,-36257.179999999964
Sale of property,109 Spring Glade Cir,100285.43
Total for Income,109 Spring Glade Cir,100285.43
Gross Profit,109 Spring Glade Cir,100285.43
Admin Services,109 Spring Glade Cir,300
Dumpsters,109 Spring Glade Cir,1359.6
Labor,109 Spring Glade Cir,23451
Materials,109 Spring Glade Cir,16236.2
Photography,109 Spring Glade Cir,100
Property Insurance,109 Spring Glade Cir,461.75
Third Party Vendors,109 Spring Glade Cir,9841.6
Total for Expenses,109 Spring Glade Cir,51750.15
Net Operating Income,109 Spring Glade Cir,48535.27999999999
Net Income,109 Spring Glade Cir,48535.27999999999
Sale of property,109 Westchester Dr.,181064.61
Total for Income,109 Westchester Dr.,181064.61
Gross Profit,109 Westchester Dr.,181064.61
Admin Services,109 Westchester Dr.,250
Cleaning services,109 Westchester Dr.,150
Labor,109 Westchester Dr.,150
Property Purchase,109 Westchester Dr.,131374.32
Third Party Vendors,109 Westchester Dr.,535
Total for Expenses,109 Westchester Dr.,132459.32
Net Operating Income,109 Westchester Dr.,48605.28999999998
Net Income,109 Westchester Dr.,48605.28999999998
Sale of property,1104 Tulip Cir,185816.54
Total for Income,1104 Tulip Cir,185816.54
Gross Profit,1104 Tulip Cir,185816.54
Cleaning services,1104 Tulip Cir,300
Dumpsters,1104 Tulip Cir,4338.24
Interest Payment,1104 Tulip Cir,4883.08
Labor,1104 Tulip Cir,33640
Materials,1104 Tulip Cir,29744.51
Permits,1104 Tulip Cir,1904.65
Property Purchase,1104 Tulip Cir,37072.07
Third Party Vendors,1104 Tulip Cir,28479.92
Utilities,1104 Tulip Cir,1352.23
Total for Expenses,1104 Tulip Cir,141714.69999999998
Net Operating Income,1104 Tulip Cir,44101.840000000026
Net Income,1104 Tulip Cir,44101.840000000026
Labor,1118 Hale Cir,2000
Materials,1118 Hale Cir,81.35
Property Purchase,1118 Hale Cir,25994.6
Utilities,1118 Hale Cir,399.89
Total for Expenses,1118 Hale Cir,28475.839999999997
Net Operating Income,1118 Hale Cir,-28475.839999999997
Net Income,1118 Hale Cir,-28475.839999999997
Sale of property,1118 Westridge Cir.,135800.89
Total for Income,1118 Westridge Cir.,135800.89
Gross Profit,1118 Westridge Cir.,135800.89
Admin Services,1118 Westridge Cir.,300
Closing Costs,1118 Westridge Cir.,5800.28
Dumpsters,1118 Westridge Cir.,4118.82
Interest Payment,1118 Westridge Cir.,2300.01
Labor,1118 Westridge Cir.,47174.83
Materials,1118 Westridge Cir.,42701.39
Photography,1118 Westridge Cir.,200
Property Insurance,1118 Westridge Cir.,917.5
Third Party Vendors,1118 Westridge Cir.,25469
Total for Expenses,1118 Westridge Cir.,128981.83
Net Operating Income,1118 Westridge Cir.,6819.060000000012
Mortgage,1118 Westridge Cir.,41720.69
Total for Other Income,1118 Westridge Cir.,41720.69
Net Other Income,1118 Westridge Cir.,41720.69
Net Income,1118 Westridge Cir.,48539.750000000015
Sale of property,112 Portsouth Ln,169719.12
Total for Income,112 Portsouth Ln,169719.12
Gross Profit,112 Portsouth Ln,169719.12
Cleaning services,112 Portsouth Ln,170
Dumpsters,112 Portsouth Ln,2827.67
Earnest money,112 Portsouth Ln,1024
Interest Payment,112 Portsouth Ln,4565.55
Labor,112 Portsouth Ln,27825
Materials,112 Portsouth Ln,23938.89
Property Purchase,112 Portsouth Ln,42026.27
Third Party Vendors,112 Portsouth Ln,17285.75
Utilities,112 Portsouth Ln,1852.97
Total for Expenses,112 Portsouth Ln,121516.1
Net Operating Income,112 Portsouth Ln,48203.01999999999
Net Income,112 Portsouth Ln,48203.01999999999
Sale of property,112 White Cap Cir,190727.3
Total for Income,112 White Cap Cir,190727.3
Gross Profit,112 White Cap Cir,190727.3
Business License,112 White Cap Cir,150
Cleaning services,112 White Cap Cir,450
Dumpsters,112 White Cap Cir,3885.52
Interest Payment,112 White Cap Cir,4650
Labor,112 White Cap Cir,29660
Materials,112 White Cap Cir,37628.14
Property Insurance,112 White Cap Cir,1128.15
Property Purchase,112 White Cap Cir,39353.06
Staging and Interiors,112 White Cap Cir,3600
Third Party Vendors,112 White Cap Cir,16489.23
Utilities,112 White Cap Cir,1664.73
Total for Expenses,112 White Cap Cir,138658.83000000002
Net Operating Income,112 White Cap Cir,52068.46999999997
Net Income,112 White Cap Cir,52068.46999999997
Rehab Reimbursement,1125 Greystone Crest,400000
Total for Income,1125 Greystone Crest,400000
Gross Profit,1125 Greystone Crest,400000
Design Consultation,1125 Greystone Crest,5828
Dumpsters,1125 Greystone Crest,4376.35
HOA Fees,1125 Greystone Crest,2500
Labor,1125 Greystone Crest,156270
Materials,1125 Greystone Crest,175943.35
Permits,1125 Greystone Crest,7314
Third Party Vendors,1125 Greystone Crest,107265.43
Total for Expenses,1125 Greystone Crest,459497.13
Net Operating Income,1125 Greystone Crest,-59497.130000000005
Net Income,1125 Greystone Crest,-59497.130000000005
Sale of property,1127 13th St N,72974.61
Total for Income,1127 13th St N,72974.61
Gross Profit,1127 13th St N,72974.61
Property Purchase,1127 13th St N,61066.25
Total for Expenses,1127 13th St N,61066.25
Net Operating Income,1127 13th St N,11908.36
Net Income,1127 13th St N,11908.36
Sale of property,1132 Martinwood Ln.,104446.88
Total for Income,1132 Martinwood Ln.,104446.88
Gross Profit,1132 Martinwood Ln.,104446.88
Admin Services,1132 Martinwood Ln.,300
Closing Costs,1132 Martinwood Ln.,214.5
Dumpsters,1132 Martinwood Ln.,2280.94
Interest Payment,1132 Martinwood Ln.,1666.68
Labor,1132 Martinwood Ln.,25850
Materials,1132 Martinwood Ln.,26528.78
Photography,1132 Martinwood Ln.,300
Property Insurance,1132 Martinwood Ln.,838.5
Property Purchase,1132 Martinwood Ln.,126153.53
Third Party Vendors,1132 Martinwood Ln.,16281.65
Total for Expenses,1132 Martinwood Ln.,200414.58
Net Operating Income,1132 Martinwood Ln.,-95967.69999999998
Mortgage,1132 Martinwood Ln.,125000
Total for Other Income,1132 Martinwood Ln.,125000
Net Other Income,1132 Martinwood Ln.,125000
Net Income,1132 Martinwood Ln.,29032.300000000017
Sale of property,115 Meadowgreen Rd,185549.16
Total for Income,115 Meadowgreen Rd,185549.16
Gross Profit,115 Meadowgreen Rd,185549.16
Admin Services,115 Meadowgreen Rd,600
Dumpsters,115 Meadowgreen Rd,1007.86
Labor,115 Meadowgreen Rd,10800
Materials,115 Meadowgreen Rd,5351.46
Property Purchase,115 Meadowgreen Rd,125771.53
Third Party Vendors,115 Meadowgreen Rd,8281.49
Total for Expenses,115 Meadowgreen Rd,151812.34
Net Operating Income,115 Meadowgreen Rd,33736.82000000001
Net Income,115 Meadowgreen Rd,33736.82000000001
Sale of property,1158 Holt Cir.,174191.39
Total for Income,1158 Holt Cir.,174191.39
Gross Profit,1158 Holt Cir.,174191.39
Admin Services,1158 Holt Cir.,300
Cleaning services,1158 Holt Cir.,140
Dumpsters,1158 Holt Cir.,556.97
Labor,1158 Holt Cir.,8800
Materials,1158 Holt Cir.,3859.18
Photography,1158 Holt Cir.,100
Property Purchase,1158 Holt Cir.,171397.09
Third Party Vendors,1158 Holt Cir.,2792.73
Total for Expenses,1158 Holt Cir.,187945.97
Net Operating Income,1158 Holt Cir.,-13754.579999999987
Net Income,1158 Holt Cir.,-13754.579999999987
Sale of property,116 34th St N,83185.16
Total for Income,116 34th St N,83185.16
Gross Profit,116 34th St N,83185.16
Business License,116 34th St N,368
Cleaning services,116 34th St N,210
Dumpsters,116 34th St N,4698.91
Interest Payment,116 34th St N,5500
Labor,116 34th St N,32250
Materials,116 34th St N,34316.08
Third Party Vendors,116 34th St N,18417.93
Utilities,116 34th St N,1222.7
Total for Expenses,116 34th St N,96983.62000000001
Net Operating Income,116 34th St N,-13798.460000000006
Mortgage,116 34th St N,188615.5
Total for Other Income,116 34th St N,188615.5
Net Other Income,116 34th St N,188615.5
Net Income,116 34th St N,174817.03999999998
Sale of property,117 Lynn Dr.,146273
Total for Income,117 Lynn Dr.,146273
Gross Profit,117 Lynn Dr.,146273
Dumpsters,117 Lynn Dr.,2214.5
Labor and Materials,117 Lynn Dr.,12500
Materials,117 Lynn Dr.,3533.98
Property Purchase,117 Lynn Dr.,75000
Reimbursment,117 Lynn Dr.,-2015
Third Party Vendors,117 Lynn Dr.,4025
Total for Expenses,117 Lynn Dr.,95258.48
Net Operating Income,117 Lynn Dr.,51014.520000000004
Net Income,117 Lynn Dr.,51014.520000000004
Sale of property,120 Cahaba Forest Dr,147703.72
Total for Income,120 Cahaba Forest Dr,147703.72
Gross Profit,120 Cahaba Forest Dr,147703.72
Dumpsters,120 Cahaba Forest Dr,3927.75
Earnest money,120 Cahaba Forest Dr,496.76
Interest Payment,120 Cahaba Forest Dr,4000
Labor,120 Cahaba Forest Dr,48246.25
Materials,120 Cahaba Forest Dr,41871.73
Third Party Vendors,120 Cahaba Forest Dr,17134.8
Total for Expenses,120 Cahaba Forest Dr,115677.29000000001
Net Operating Income,120 Cahaba Forest Dr,32026.429999999993
Net Income,120 Cahaba Forest Dr,32026.429999999993
Sale of property,120 Kay St.,150532.86
Total for Income,120 Kay St.,150532.86
Gross Profit,120 Kay St.,150532.86
Admin Services,120 Kay St.,250
Cleaning services,120 Kay St.,130
Dumpsters,120 Kay St.,3072.6
Labor,120 Kay St.,24800
Materials,120 Kay St.,21090.11
Permits,120 Kay St.,92
Photography,120 Kay St.,100
Property Insurance,120 Kay St.,1273
Property Purchase,120 Kay St.,26512.91
Third Party Vendors,120 Kay St.,28627.85
Total for Expenses,120 Kay St.,105948.47
Net Operating Income,120 Kay St.,44584.389999999985
Net Income,120 Kay St.,44584.389999999985
Sale of property,122 Heather Ridge Dr.,230283.18
Total for Income,122 Heather Ridge Dr.,230283.18
Gross Profit,122 Heather Ridge Dr.,230283.18
Closing Costs,122 Heather Ridge Dr.,1514.86
Dumpsters,122 Heather Ridge Dr.,2478.59
Labor,122 Heather Ridge Dr.,34010
Labor and Materials,122 Heather Ridge Dr.,4000
Materials,122 Heather Ridge Dr.,31208.54
Permits,122 Heather Ridge Dr.,2228
Property Purchase,122 Heather Ridge Dr.,205000
Third Party Vendors,122 Heather Ridge Dr.,30230.16
Utilities,122 Heather Ridge Dr.,249.22
Total for Expenses,122 Heather Ridge Dr.,310919.36999999994
Net Operating Income,122 Heather Ridge Dr.,-80636.18999999994
Mortgage,122 Heather Ridge Dr.,150000
Total for Other Income,122 Heather Ridge Dr.,150000
Net Other Income,122 Heather Ridge Dr.,150000
Net Income,122 Heather Ridge Dr.,69363.81000000006
Sale of property,1221 Rumson Dr,199177.55
Total for Income,1221 Rumson Dr,199177.55
Gross Profit,1221 Rumson Dr,199177.55
Admin Services,1221 Rumson Dr,300
Closing Costs,1221 Rumson Dr,86.33
Dumpsters,1221 Rumson Dr,1495.23
Earnest money,1221 Rumson Dr,2500
Interest Payment,1221 Rumson Dr,6800
Labor,1221 Rumson Dr,62691.56
Materials,1221 Rumson Dr,34616.61
Third Party Vendors,1221 Rumson Dr,24133.11
Total for Expenses,1221 Rumson Dr,132622.84
Net Operating Income,1221 Rumson Dr,66554.70999999999
Net Income,1221 Rumson Dr,66554.70999999999
Sale of property,1265 Pine Tree Dr,59652.12
Total for Income,1265 Pine Tree Dr,59652.12
Gross Profit,1265 Pine Tree Dr,59652.12
Admin Services,1265 Pine Tree Dr,300
Closing Costs,1265 Pine Tree Dr,1129.88
Dumpsters,1265 Pine Tree Dr,556.97
Interest Payment,1265 Pine Tree Dr,1600
Labor,1265 Pine Tree Dr,12040.81
Materials,1265 Pine Tree Dr,4605.45
Third Party Vendors,1265 Pine Tree Dr,6351.6
Total for Expenses,1265 Pine Tree Dr,26584.71
Net Operating Income,1265 Pine Tree Dr,33067.41
Net Income,1265 Pine Tree Dr,33067.41
Sale of property,128 Maple Street,144332.39
Total for Income,128 Maple Street,144332.39
Gross Profit,128 Maple Street,144332.39
Admin Services,128 Maple Street,250
Cleaning services,128 Maple Street,160
Closing Costs,128 Maple Street,1440.94
Dumpsters,128 Maple Street,3038.5
Interest Payment,128 Maple Street,5580.65
Labor,128 Maple Street,40528.12
Materials,128 Maple Street,23696.97
Photography,128 Maple Street,100
Property Insurance,128 Maple Street,991.5
Third Party Vendors,128 Maple Street,12767.85
Total for Expenses,128 Maple Street,88554.53000000001
Net Operating Income,128 Maple Street,55777.86
Net Income,128 Maple Street,55777.86
Sale of property,12938 Ann Marie Dr,142669.55
Total for Income,12938 Ann Marie Dr,142669.55
Gross Profit,12938 Ann Marie Dr,142669.55
Admin Services,12938 Ann Marie Dr,330
Cleaning services,12938 Ann Marie Dr,100
Dumpsters,12938 Ann Marie Dr,1945.54
Labor,12938 Ann Marie Dr,29190
Materials,12938 Ann Marie Dr,26383.77
Photography,12938 Ann Marie Dr,115
Property Purchase,12938 Ann Marie Dr,35869.89
Third Party Vendors,12938 Ann Marie Dr,21439
Total for Expenses,12938 Ann Marie Dr,115373.2
Net Operating Income,12938 Ann Marie Dr,27296.34999999999
Net Income,12938 Ann Marie Dr,27296.34999999999
Sale of property,13 Royal Coach Cir,218375.05
Total for Income,13 Royal Coach Cir,218375.05
Gross Profit,13 Royal Coach Cir,218375.05
Dumpsters,13 Royal Coach Cir,2064.83
Earnest money,13 Royal Coach Cir,1000
Labor,13 Royal Coach Cir,22640
Materials,13 Royal Coach Cir,19231.78
Property Purchase,13 Royal Coach Cir,75142.5
Third Party Vendors,13 Royal Coach Cir,9914.8
Utilities,13 Royal Coach Cir,1093.8
Total for Expenses,13 Royal Coach Cir,131087.71
Net Operating Income,13 Royal Coach Cir,87287.34
Net Income,13 Royal Coach Cir,87287.34
Sale of property,1308 34th St,187088.5
Total for Income,1308 34th St,187088.5
Gross Profit,1308 34th St,187088.5
Labor,1308 34th St,17250
Materials,1308 34th St,13372.51
Property Purchase,1308 34th St,103286
Third Party Vendors,1308 34th St,22274.53
Total for Expenses,1308 34th St,156183.04
Net Operating Income,1308 34th St,30905.459999999992
Net Income,1308 34th St,30905.459999999992
Cleaning services,1309 Springville Rd,200
Dumpsters,1309 Springville Rd,4258.17
Interest Payment,1309 Springville Rd,7500
Labor,1309 Springville Rd,35782
Materials,1309 Springville Rd,46090.9
Property Insurance,1309 Springville Rd,1333.08
Property Purchase,1309 Springville Rd,5086.2
Staging and Interiors,1309 Springville Rd,3700
Third Party Vendors,1309 Springville Rd,33850.85
Utilities,1309 Springville Rd,1317.15
Total for Expenses,1309 Springville Rd,139118.35
Net Operating Income,1309 Springville Rd,-139118.35
Net Income,1309 Springville Rd,-139118.35
Sale of property,131 Silver Ln,121975
Total for Income,131 Silver Ln,121975
Gross Profit,131 Silver Ln,121975
Dumpsters,131 Silver Ln,1012.75
Interest Payment,131 Silver Ln,1798.74
Labor,131 Silver Ln,17505
Materials,131 Silver Ln,16457.5
Property Purchase,131 Silver Ln,16936.69
Third Party Vendors,131 Silver Ln,10249.98
Utilities,131 Silver Ln,2133.19
Total for Expenses,131 Silver Ln,66093.84999999999
Net Operating Income,131 Silver Ln,55881.15000000001
Net Income,131 Silver Ln,55881.15000000001
Sale of property,1310 Old Cahaba Cove,88357.74
Total for Income,1310 Old Cahaba Cove,88357.74
Gross Profit,1310 Old Cahaba Cove,88357.74
Cleaning services,1310 Old Cahaba Cove,1553.6
Dumpsters,1310 Old Cahaba Cove,1331.27
Interest Payment,1310 Old Cahaba Cove,6066.67
Labor,1310 Old Cahaba Cove,15404.96
Materials,1310 Old Cahaba Cove,13589.41
Property Purchase,1310 Old Cahaba Cove,175000
Third Party Vendors,1310 Old Cahaba Cove,15101
Utilities,1310 Old Cahaba Cove,1276.57
Total for Expenses,1310 Old Cahaba Cove,229323.48
Net Operating Income,1310 Old Cahaba Cove,-140965.74
Mortgage,1310 Old Cahaba Cove,200081.84
Total for Other Income,1310 Old Cahaba Cove,200081.84
Net Other Income,1310 Old Cahaba Cove,200081.84
Net Income,1310 Old Cahaba Cove,59116.100000000006
Sale of property,1313 McCoy St,104919.43
Total for Income,1313 McCoy St,104919.43
Gross Profit,1313 McCoy St,104919.43
Cleaning services,1313 McCoy St,275
Dumpsters,1313 McCoy St,2478.57
Labor,1313 McCoy St,25720
Materials,1313 McCoy St,23379.36
Property Purchase,1313 McCoy St,1877.62
Third Party Vendors,1313 McCoy St,11593.79
Utilities,1313 McCoy St,1251.9
Total for Expenses,1313 McCoy St,66576.24
Net Operating Income,1313 McCoy St,38343.18999999999
Net Income,1313 McCoy St,38343.18999999999
Sale of property,132 Rosebud Rd,180450.81
Total for Income,132 Rosebud Rd,180450.81
Gross Profit,132 Rosebud Rd,180450.81
Dumpsters,132 Rosebud Rd,3415.84
Labor,132 Rosebud Rd,39920
Materials,132 Rosebud Rd,46595.15
Property Purchase,132 Rosebud Rd,46218.23
Third Party Vendors,132 Rosebud Rd,23051.14
Utilities,132 Rosebud Rd,1229.15
Total for Expenses,132 Rosebud Rd,160429.50999999998
Net Operating Income,132 Rosebud Rd,20021.300000000017
Net Income,132 Rosebud Rd,20021.300000000017
Sale of property,1324 Bardswood Terrace,145474.4
Total for Income,1324 Bardswood Terrace,145474.4
Gross Profit,1324 Bardswood Terrace,145474.4
Dumpsters,1324 Bardswood Terrace,4212.25
Interest Payment,1324 Bardswood Terrace,4000
Labor,1324 Bardswood Terrace,450
Materials,1324 Bardswood Terrace,52269.92
Property Insurance,1324 Bardswood Terrace,2149
Third Party Vendors,1324 Bardswood Terrace,19563
Utilities,1324 Bardswood Terrace,439.71
Total for Expenses,1324 Bardswood Terrace,83083.88
Net Operating Income,1324 Bardswood Terrace,62390.51999999999
Net Income,1324 Bardswood Terrace,62390.51999999999
Sale of property,1337 Wilshire Dr.,159217.8
Total for Income,1337 Wilshire Dr.,159217.8
Gross Profit,1337 Wilshire Dr.,159217.8
Closing Costs,1337 Wilshire Dr.,711.5
Dumpsters,1337 Wilshire Dr.,1506.68
Interest Payment,1337 Wilshire Dr.,10441.67
Labor,1337 Wilshire Dr.,32200
Materials,1337 Wilshire Dr.,23794.97
Professional Fees,1337 Wilshire Dr.,1300
Property Insurance,1337 Wilshire Dr.,1597.5
Third Party Vendors,1337 Wilshire Dr.,18592.42
Total for Expenses,1337 Wilshire Dr.,90144.74
Net Operating Income,1337 Wilshire Dr.,69073.05999999998
Net Income,1337 Wilshire Dr.,69073.05999999998
Sale of property,1341 Hillwood Dr.,149098.99
Total for Income,1341 Hillwood Dr.,149098.99
Gross Profit,1341 Hillwood Dr.,149098.99
Dumpsters,1341 Hillwood Dr.,1787.05
Interest Payment,1341 Hillwood Dr.,2400
Labor,1341 Hillwood Dr.,32616.27
Materials,1341 Hillwood Dr.,19541.83
Photography,1341 Hillwood Dr.,100
Property Insurance,1341 Hillwood Dr.,1187
Third Party Vendors,1341 Hillwood Dr.,12504.61
Total for Expenses,1341 Hillwood Dr.,70136.76000000001
Net Operating Income,1341 Hillwood Dr.,78962.22999999998
Net Income,1341 Hillwood Dr.,78962.22999999998
Sale of property,1341 Winola Ln,126410.61
Total for Income,1341 Winola Ln,126410.61
Gross Profit,1341 Winola Ln,126410.61
Closing Costs,1341 Winola Ln,25469.89
Dumpsters,1341 Winola Ln,1465.82
Interest Payment,1341 Winola Ln,2951.99
Labor,1341 Winola Ln,28614
Materials,1341 Winola Ln,23439.99
Third Party Vendors,1341 Winola Ln,15826.92
Utilities,1341 Winola Ln,611.46
Total for Expenses,1341 Winola Ln,98380.07
Net Operating Income,1341 Winola Ln,28030.539999999994
Net Income,1341 Winola Ln,28030.539999999994
Sale of property,1345 Winola Ln,206998.35
Total for Income,1345 Winola Ln,206998.35
Gross Profit,1345 Winola Ln,206998.35
Dumpsters,1345 Winola Ln,1473.5
Earnest money,1345 Winola Ln,500
Labor,1345 Winola Ln,22910
Materials,1345 Winola Ln,17208.9
Property Purchase,1345 Winola Ln,128906.75
Third Party Vendors,1345 Winola Ln,12927.64
Total for Expenses,1345 Winola Ln,183926.78999999998
Net Operating Income,1345 Winola Ln,23071.560000000027
Net Income,1345 Winola Ln,23071.560000000027
Sale of property,1359 Annie Lee Rd,83425.81
Total for Income,1359 Annie Lee Rd,83425.81
Gross Profit,1359 Annie Lee Rd,83425.81
Dumpsters,1359 Annie Lee Rd,1012.75
Interest Payment,1359 Annie Lee Rd,4198.92
Labor,1359 Annie Lee Rd,10350
Materials,1359 Annie Lee Rd,6699.23
Property Purchase,1359 Annie Lee Rd,221271.64
Third Party Vendors,1359 Annie Lee Rd,4030
Total for Expenses,1359 Annie Lee Rd,247562.54
Net Operating Income,1359 Annie Lee Rd,-164136.73
Mortgage,1359 Annie Lee Rd,220000
Total for Other Income,1359 Annie Lee Rd,220000
Net Other Income,1359 Annie Lee Rd,220000
Net Income,1359 Annie Lee Rd,55863.26999999999
Sale of property,1401 Oak Terr.,115299.88
Total for Income,1401 Oak Terr.,115299.88
Gross Profit,1401 Oak Terr.,115299.88
Admin Services,1401 Oak Terr.,600
Closing Costs,1401 Oak Terr.,2242.7
Dumpsters,1401 Oak Terr.,983.87
Interest Payment,1401 Oak Terr.,2400
Labor,1401 Oak Terr.,19550
Materials,1401 Oak Terr.,10120.47
Photography,1401 Oak Terr.,115
Third Party Vendors,1401 Oak Terr.,9975.5
Total for Expenses,1401 Oak Terr.,45987.54
Net Operating Income,1401 Oak Terr.,69312.34
Net Income,1401 Oak Terr.,69312.34
Sale of property,1409 High Point Terrace,215119.36
Total for Income,1409 High Point Terrace,215119.36
Gross Profit,1409 High Point Terrace,215119.36
Auction,1409 High Point Terrace,151.75
Cleaning services,1409 High Point Terrace,200
Dumpsters,1409 High Point Terrace,2738.38
Earnest money,1409 High Point Terrace,5000
Labor,1409 High Point Terrace,26115.63
Materials,1409 High Point Terrace,27716.76
Parking,1409 High Point Terrace,6
Property Purchase,1409 High Point Terrace,102000
Third Party Vendors,1409 High Point Terrace,25854.22
Utilities,1409 High Point Terrace,1278
Total for Expenses,1409 High Point Terrace,191060.74000000002
Net Operating Income,1409 High Point Terrace,24058.619999999966
Net Income,1409 High Point Terrace,24058.619999999966
Cleaning services,141 Deer Park Dr,433.34
Closing Costs,141 Deer Park Dr,8446.5
Dumpsters,141 Deer Park Dr,1956.15
Interest Payment,141 Deer Park Dr,13500
Labor,141 Deer Park Dr,29200
Materials,141 Deer Park Dr,31406.03
Property Insurance,141 Deer Park Dr,2099.6
Staging and Interiors,141 Deer Park Dr,5320
Third Party Vendors,141 Deer Park Dr,15678.63
Utilities,141 Deer Park Dr,1782.84
Total for Expenses,141 Deer Park Dr,109823.09
Net Operating Income,141 Deer Park Dr,-109823.09
Net Income,141 Deer Park Dr,-109823.09
Sale of property,1412 13th Terrace.,104197.97
Total for Income,1412 13th Terrace.,104197.97
Gross Profit,1412 13th Terrace.,104197.97
Dumpsters,1412 13th Terrace.,1024.26
Earnest money,1412 13th Terrace.,1000
Labor,1412 13th Terrace.,22800
Materials,1412 13th Terrace.,23467.38
Mortgage Payment,1412 13th Terrace.,8176.51
Property Purchase,1412 13th Terrace.,206363.59
Third Party Vendors,1412 13th Terrace.,7165.4
Utilities,1412 13th Terrace.,696.68
Total for Expenses,1412 13th Terrace.,270693.82
Net Operating Income,1412 13th Terrace.,-166495.85
Mortgage,1412 13th Terrace.,164000
Total for Other Income,1412 13th Terrace.,164000
Net Other Income,1412 13th Terrace.,164000
Net Income,1412 13th Terrace.,-2495.850000000006
Sale of property,1437 Ware Blvd,210490.85
Total for Income,1437 Ware Blvd,210490.85
Gross Profit,1437 Ware Blvd,210490.85
Cleaning services,1437 Ware Blvd,200
Deed Recording,1437 Ware Blvd,123
Dumpsters,1437 Ware Blvd,7499.45
Earnest money,1437 Ware Blvd,8403.08
Labor,1437 Ware Blvd,38331.45
Materials,1437 Ware Blvd,29631.41
Property Purchase,1437 Ware Blvd,73017.25
Reinspection Fee,1437 Ware Blvd,350
Third Party Vendors,1437 Ware Blvd,33668.73
Utilities,1437 Ware Blvd,1266.67
Total for Expenses,1437 Ware Blvd,192491.04000000004
Net Operating Income,1437 Ware Blvd,17999.80999999997
Net Income,1437 Ware Blvd,17999.80999999997
Cleaning services,144 Lake Front Dr.,1865
Interest Payment,144 Lake Front Dr.,2500
Materials,144 Lake Front Dr.,8.44
Third Party Vendors,144 Lake Front Dr.,4488
Utilities,144 Lake Front Dr.,7190.46
Total for Expenses,144 Lake Front Dr.,16051.899999999998
Net Operating Income,144 Lake Front Dr.,-16051.899999999998
Mortgage,144 Lake Front Dr.,180000
Total for Other Income,144 Lake Front Dr.,180000
Net Other Income,144 Lake Front Dr.,180000
Net Income,144 Lake Front Dr.,163948.1
Sale of property,1449 Paragon Prkwy,121654.35
Total for Income,1449 Paragon Prkwy,121654.35
Gross Profit,1449 Paragon Prkwy,121654.35
Cleaning services,1449 Paragon Prkwy,140
Closing Costs,1449 Paragon Prkwy,24256.95
Dumpsters,1449 Paragon Prkwy,559.68
Earnest money,1449 Paragon Prkwy,5000
Labor,1449 Paragon Prkwy,22450
Materials,1449 Paragon Prkwy,10781.85
Mortgage Payment,1449 Paragon Prkwy,5172.1
Third Party Vendors,1449 Paragon Prkwy,5775
Total for Expenses,1449 Paragon Prkwy,74135.58
Net Operating Income,1449 Paragon Prkwy,47518.770000000004
Net Income,1449 Paragon Prkwy,47518.770000000004
Advertising and Promotion,1457 4th Pl NW,150
Total for Expenses,1457 4th Pl NW,150
Net Operating Income,1457 4th Pl NW,-150
Net Income,1457 4th Pl NW,-150
Sale of property,14695 Hwy 75,74387.7
Total for Income,14695 Hwy 75,74387.7
Gross Profit,14695 Hwy 75,74387.7
Labor and Materials,14695 Hwy 75,2500
Reimbursment,14695 Hwy 75,4732
Third Party Vendors,14695 Hwy 75,268
Total for Expenses,14695 Hwy 75,7500
Net Operating Income,14695 Hwy 75,66887.7
Net Income,14695 Hwy 75,66887.7
Sale of property,149 Winterhaven Dr,105506.29
Total for Income,149 Winterhaven Dr,105506.29
Gross Profit,149 Winterhaven Dr,105506.29
Business License,149 Winterhaven Dr,136.75
Dumpsters,149 Winterhaven Dr,1501.64
Interest Payment,149 Winterhaven Dr,1666.67
Labor,149 Winterhaven Dr,20610
Materials,149 Winterhaven Dr,25736.05
Property Purchase,149 Winterhaven Dr,126089.09
Third Party Vendors,149 Winterhaven Dr,9027.69
Total for Expenses,149 Winterhaven Dr,184767.89
Net Operating Income,149 Winterhaven Dr,-79261.60000000002
Mortgage,149 Winterhaven Dr,125000
Total for Other Income,149 Winterhaven Dr,125000
Net Other Income,149 Winterhaven Dr,125000
Net Income,149 Winterhaven Dr,45738.39999999998
Sale of property,150 Beaver Ridge,130414.83
Total for Income,150 Beaver Ridge,130414.83
Gross Profit,150 Beaver Ridge,130414.83
Cleaning services,150 Beaver Ridge,475
Dumpsters,150 Beaver Ridge,1494.28
Interest Payment,150 Beaver Ridge,23161.29
Labor,150 Beaver Ridge,33145.5
Materials,150 Beaver Ridge,28638.13
Office Supplies,150 Beaver Ridge,802.16
Property Purchase,150 Beaver Ridge,226876.65
Third Party Vendors,150 Beaver Ridge,33130.38
Utilities,150 Beaver Ridge,1728.17
Total for Expenses,150 Beaver Ridge,349451.56
Net Operating Income,150 Beaver Ridge,-219036.72999999998
Mortgage,150 Beaver Ridge,225000
Total for Other Income,150 Beaver Ridge,225000
Net Other Income,150 Beaver Ridge,225000
Net Income,150 Beaver Ridge,5963.270000000019
Sale of property,1504 8th St NW,117207.13
Total for Income,1504 8th St NW,117207.13
Gross Profit,1504 8th St NW,117207.13
Dumpsters,1504 8th St NW,2771.21
Interest Payment,1504 8th St NW,4800
Labor,1504 8th St NW,33923.14
Materials,1504 8th St NW,24743.43
Property Insurance,1504 8th St NW,590.42
Property Purchase,1504 8th St NW,8857.5
Referal Fee,1504 8th St NW,3006.3
Third Party Vendors,1504 8th St NW,9823.53
Utilities,1504 8th St NW,1748.46
Total for Expenses,1504 8th St NW,90263.99
Net Operating Income,1504 8th St NW,26943.14
Net Income,1504 8th St NW,26943.14
Sale of property,1508 4th St. NW,155488.28
Total for Income,1508 4th St. NW,155488.28
Gross Profit,1508 4th St. NW,155488.28
Admin Services,1508 4th St. NW,300
Labor,1508 4th St. NW,15458.67
Materials,1508 4th St. NW,4447.53
Photography,1508 4th St. NW,200
Property Purchase,1508 4th St. NW,91063.32
Third Party Vendors,1508 4th St. NW,15874.22
Total for Expenses,1508 4th St. NW,127343.74
Net Operating Income,1508 4th St. NW,28144.539999999994
Net Income,1508 4th St. NW,28144.539999999994
Sale of property,151 2nd St. N,145000.04
Total for Income,151 2nd St. N,145000.04
Gross Profit,151 2nd St. N,145000.04
Dumpsters,151 2nd St. N,3439.72
Interest Payment,151 2nd St. N,5749.98
Labor,151 2nd St. N,43660
Materials,151 2nd St. N,48069.9
Permits,151 2nd St. N,2484
Property Purchase,151 2nd St. N,116029.27
Staging and Interiors,151 2nd St. N,4000
Third Party Vendors,151 2nd St. N,36281.4
Utilities,151 2nd St. N,62.05
Total for Expenses,151 2nd St. N,259776.31999999998
Net Operating Income,151 2nd St. N,-114776.27999999997
Mortgage,151 2nd St. N,115000
Total for Other Income,151 2nd St. N,115000
Net Other Income,151 2nd St. N,115000
Net Income,151 2nd St. N,223.72000000003027
Sale of property,1533 Choctaw Dr,75901.97
Total for Income,1533 Choctaw Dr,75901.97
Gross Profit,1533 Choctaw Dr,75901.97
Materials,1533 Choctaw Dr,1119.56
Property Purchase,1533 Choctaw Dr,63552.09
Total for Expenses,1533 Choctaw Dr,64671.649999999994
Net Operating Income,1533 Choctaw Dr,11230.320000000007
Net Income,1533 Choctaw Dr,11230.320000000007
Sale of property,1546 Lacie Dr,294636.92
Total for Income,1546 Lacie Dr,294636.92
Gross Profit,1546 Lacie Dr,294636.92
Cleaning services,1546 Lacie Dr,270
Dumpsters,1546 Lacie Dr,2516.94
Earnest money,1546 Lacie Dr,1000
Interest Payment,1546 Lacie Dr,13951.61
Labor,1546 Lacie Dr,47600
Materials,1546 Lacie Dr,60325.25
Permits,1546 Lacie Dr,1891.4
Third Party Vendors,1546 Lacie Dr,29179.8
Total for Expenses,1546 Lacie Dr,156735
Net Operating Income,1546 Lacie Dr,137901.91999999998
Net Income,1546 Lacie Dr,137901.91999999998
Sale of property,155 Treymoore Dr,128974.17
Total for Income,155 Treymoore Dr,128974.17
Gross Profit,155 Treymoore Dr,128974.17
Admin Services,155 Treymoore Dr,300
Closing Costs,155 Treymoore Dr,52612.31
Dumpsters,155 Treymoore Dr,1918.89
Labor,155 Treymoore Dr,20931.25
Materials,155 Treymoore Dr,15175.43
Photography,155 Treymoore Dr,130
Third Party Vendors,155 Treymoore Dr,13636.33
Utilities,155 Treymoore Dr,181.85
Total for Expenses,155 Treymoore Dr,104886.06000000001
Net Operating Income,155 Treymoore Dr,24088.109999999986
Net Income,155 Treymoore Dr,24088.109999999986
Business License,1557 Napoleon Dr,139.34
Labor,1557 Napoleon Dr,22633.25
Materials,1557 Napoleon Dr,-420.4
Property Purchase,1557 Napoleon Dr,45288.62
Property taxes,1557 Napoleon Dr,1955.21
Third Party Vendors,1557 Napoleon Dr,15280
Utilities,1557 Napoleon Dr,441
Total for Expenses,1557 Napoleon Dr,85317.02
Net Operating Income,1557 Napoleon Dr,-85317.02
Net Income,1557 Napoleon Dr,-85317.02
Sale of property,157 Sweetgum Dr,213560.31
Total for Income,157 Sweetgum Dr,213560.31
Gross Profit,157 Sweetgum Dr,213560.31
Dumpsters,157 Sweetgum Dr,4234.71
Earnest money,157 Sweetgum Dr,5000
Labor,157 Sweetgum Dr,25622.63
Materials,157 Sweetgum Dr,23232.88
Property Purchase,157 Sweetgum Dr,76460.59
Third Party Vendors,157 Sweetgum Dr,16396.53
Utilities,157 Sweetgum Dr,1318.25
Total for Expenses,157 Sweetgum Dr,152265.59
Net Operating Income,157 Sweetgum Dr,61294.72
Net Income,157 Sweetgum Dr,61294.72
Sale of property,1604 Tahoe Rd,118615.45
Total for Income,1604 Tahoe Rd,118615.45
Gross Profit,1604 Tahoe Rd,118615.45
Admin Services,1604 Tahoe Rd,300
Cleaning services,1604 Tahoe Rd,150
Closing Costs,1604 Tahoe Rd,9032.2
Dumpsters,1604 Tahoe Rd,2015.7
Labor,1604 Tahoe Rd,39150
Materials,1604 Tahoe Rd,24097.94
Referal Fee,1604 Tahoe Rd,1000
Third Party Vendors,1604 Tahoe Rd,13695
Total for Expenses,1604 Tahoe Rd,89440.84
Net Operating Income,1604 Tahoe Rd,29174.61
Net Income,1604 Tahoe Rd,29174.61
Sale of property,1608 Kestwick Dr,215187.86
Total for Income,1608 Kestwick Dr,215187.86
Gross Profit,1608 Kestwick Dr,215187.86
Cleaning services,1608 Kestwick Dr,475
Dumpsters,1608 Kestwick Dr,6183.1
Interest Payment,1608 Kestwick Dr,17980.63
Labor,1608 Kestwick Dr,46879.93
Materials,1608 Kestwick Dr,48406.67
Permits,1608 Kestwick Dr,3291.31
Property Purchase,1608 Kestwick Dr,68267.12
Reinspection Fee,1608 Kestwick Dr,75
Third Party Vendors,1608 Kestwick Dr,41957.23
Utilities,1608 Kestwick Dr,3017.59
Total for Expenses,1608 Kestwick Dr,236533.58000000002
Net Operating Income,1608 Kestwick Dr,-21345.72000000003
Net Income,1608 Kestwick Dr,-21345.72000000003
Sale of property,1609 Sonia Dr,211570.44
Total for Income,1609 Sonia Dr,211570.44
Gross Profit,1609 Sonia Dr,211570.44
Auction,1609 Sonia Dr,5118
Dumpsters,1609 Sonia Dr,3429.05
Labor,1609 Sonia Dr,54300
Materials,1609 Sonia Dr,41122.04
Property Purchase,1609 Sonia Dr,50100
Third Party Vendors,1609 Sonia Dr,21062.84
Total for Expenses,1609 Sonia Dr,175131.93
Net Operating Income,1609 Sonia Dr,36438.51000000001
Mortgage,1609 Sonia Dr,-4086
Total for Other Income,1609 Sonia Dr,-4086
Net Other Income,1609 Sonia Dr,-4086
Net Income,1609 Sonia Dr,32352.51000000001
Sale of property,1612 Big Mtn. Dr.,98402.01
Total for Income,1612 Big Mtn. Dr.,98402.01
Gross Profit,1612 Big Mtn. Dr.,98402.01
Dumpsters,1612 Big Mtn. Dr.,1868.52
Earnest money,1612 Big Mtn. Dr.,1500
Labor,1612 Big Mtn. Dr.,20371.14
Materials,1612 Big Mtn. Dr.,9440.59
Property Purchase,1612 Big Mtn. Dr.,80000
Referal Fee,1612 Big Mtn. Dr.,2000
Third Party Vendors,1612 Big Mtn. Dr.,9328.11
Total for Expenses,1612 Big Mtn. Dr.,124508.36
Net Operating Income,1612 Big Mtn. Dr.,-26106.350000000006
Mortgage,1612 Big Mtn. Dr.,80000
Total for Other Income,1612 Big Mtn. Dr.,80000
Net Other Income,1612 Big Mtn. Dr.,80000
Net Income,1612 Big Mtn. Dr.,53893.649999999994
Sale of property,163 Sunrise Dr,62477.68
Total for Income,163 Sunrise Dr,62477.68
Gross Profit,163 Sunrise Dr,62477.68
Cleaning services,163 Sunrise Dr,190
Dumpsters,163 Sunrise Dr,2879.62
Labor,163 Sunrise Dr,25892.46
Materials,163 Sunrise Dr,19120.85
Property Purchase,163 Sunrise Dr,15843.24
Third Party Vendors,163 Sunrise Dr,16017.83
Utilities,163 Sunrise Dr,872.19
Total for Expenses,163 Sunrise Dr,80816.18999999999
Net Operating Income,163 Sunrise Dr,-18338.509999999987
Net Income,163 Sunrise Dr,-18338.509999999987
Sale of property,1645 Barrington Ln NE,112314.28
Total for Income,1645 Barrington Ln NE,112314.28
Gross Profit,1645 Barrington Ln NE,112314.28
Cleaning services,1645 Barrington Ln NE,458.33
Dumpsters,1645 Barrington Ln NE,1338.75
Interest Payment,1645 Barrington Ln NE,1650
Labor,1645 Barrington Ln NE,19350
Materials,1645 Barrington Ln NE,26016.47
Property Insurance,1645 Barrington Ln NE,1335.15
Property Purchase,1645 Barrington Ln NE,3707.78
Third Party Vendors,1645 Barrington Ln NE,23657.34
Utilities,1645 Barrington Ln NE,794.31
Total for Expenses,1645 Barrington Ln NE,78308.13
Net Operating Income,1645 Barrington Ln NE,34006.149999999994
Net Income,1645 Barrington Ln NE,34006.149999999994
Sale of property,1646 Roberta Ln,140319.62
Total for Income,1646 Roberta Ln,140319.62
Gross Profit,1646 Roberta Ln,140319.62
Closing Costs,1646 Roberta Ln,25894.5
Dumpsters,1646 Roberta Ln,1494.38
Labor,1646 Roberta Ln,25632
Materials,1646 Roberta Ln,16647.7
Third Party Vendors,1646 Roberta Ln,19451.03
Total for Expenses,1646 Roberta Ln,89119.61
Net Operating Income,1646 Roberta Ln,51200.009999999995
Net Income,1646 Roberta Ln,51200.009999999995
Cleaning services,1676 Five Points Rd,225
Dumpsters,1676 Five Points Rd,1470
Interest Payment,1676 Five Points Rd,8000
Labor,1676 Five Points Rd,24789
Materials,1676 Five Points Rd,34229.83
Property Insurance,1676 Five Points Rd,1008.09
Property Purchase,1676 Five Points Rd,6267.82
Staging and Interiors,1676 Five Points Rd,4000
Third Party Vendors,1676 Five Points Rd,15844.62
Utilities,1676 Five Points Rd,1478.87
Total for Expenses,1676 Five Points Rd,97313.22999999998
Net Operating Income,1676 Five Points Rd,-97313.22999999998
Net Income,1676 Five Points Rd,-97313.22999999998
Cleaning services,1688 Brewster Rd,420
Dumpsters,1688 Brewster Rd,1329.48
Interest Payment,1688 Brewster Rd,3629.03
Labor,1688 Brewster Rd,16800
Materials,1688 Brewster Rd,14556.59
Third Party Vendors,1688 Brewster Rd,6546
Utilities,1688 Brewster Rd,583.74
Total for Expenses,1688 Brewster Rd,43864.840000000004
Net Operating Income,1688 Brewster Rd,-43864.840000000004
Net Income,1688 Brewster Rd,-43864.840000000004
Sale of property,1703 Molly Cir.,170895.11
Total for Income,1703 Molly Cir.,170895.11
Gross Profit,1703 Molly Cir.,170895.11
Dumpsters,1703 Molly Cir.,932.15
Labor,1703 Molly Cir.,15600
Materials,1703 Molly Cir.,4205.01
Property Insurance,1703 Molly Cir.,867.5
Property Purchase,1703 Molly Cir.,80725.69
Third Party Vendors,1703 Molly Cir.,1940
Total for Expenses,1703 Molly Cir.,104270.35
Net Operating Income,1703 Molly Cir.,66624.75999999998
Net Income,1703 Molly Cir.,66624.75999999998
Sale of property,170502 Hwy 174,120133.53
Total for Income,170502 Hwy 174,120133.53
Gross Profit,170502 Hwy 174,120133.53
Dumpsters,170502 Hwy 174,1359.6
Total for Expenses,170502 Hwy 174,1359.6
Net Operating Income,170502 Hwy 174,118773.93
Net Income,170502 Hwy 174,118773.93
Labor,1706 Greenbriar Dr,5000
Materials,1706 Greenbriar Dr,3201.52
Total for Expenses,1706 Greenbriar Dr,8201.52
Net Operating Income,1706 Greenbriar Dr,-8201.52
Net Income,1706 Greenbriar Dr,-8201.52
Sale of property,1708 Molly Dr.,71097.57
Total for Income,1708 Molly Dr.,71097.57
Gross Profit,1708 Molly Dr.,71097.57
Admin Services,1708 Molly Dr.,500
Closing Costs,1708 Molly Dr.,623
Dumpsters,1708 Molly Dr.,2304.01
Labor,1708 Molly Dr.,22607.2
Materials,1708 Molly Dr.,22658.97
Photography,1708 Molly Dr.,100
Property Purchase,1708 Molly Dr.,81211.35
Third Party Vendors,1708 Molly Dr.,8970
Total for Expenses,1708 Molly Dr.,138974.53
Net Operating Income,1708 Molly Dr.,-67876.95999999999
Mortgage,1708 Molly Dr.,120000
Total for Other Income,1708 Molly Dr.,120000
Net Other Income,1708 Molly Dr.,120000
Net Income,1708 Molly Dr.,52123.04000000001
Sale of property,1710 Greenbriar Dr,215246.85
Total for Income,1710 Greenbriar Dr,215246.85
Gross Profit,1710 Greenbriar Dr,215246.85
Admin Services,1710 Greenbriar Dr,300
Dumpsters,1710 Greenbriar Dr,2360.51
Labor,1710 Greenbriar Dr,24891.79
Materials,1710 Greenbriar Dr,20500.18
Permits,1710 Greenbriar Dr,1260
Photography,1710 Greenbriar Dr,475
Property Purchase,1710 Greenbriar Dr,126337.95
Third Party Vendors,1710 Greenbriar Dr,13354.25
Utilities,1710 Greenbriar Dr,50
Total for Expenses,1710 Greenbriar Dr,189529.68
Net Operating Income,1710 Greenbriar Dr,25717.170000000013
Net Income,1710 Greenbriar Dr,25717.170000000013
Sale of property,1713 Molly Dr.,152542.24
Total for Income,1713 Molly Dr.,152542.24
Gross Profit,1713 Molly Dr.,152542.24
Dumpsters,1713 Molly Dr.,1094.48
Labor,1713 Molly Dr.,22287
Materials,1713 Molly Dr.,22007.58
Property Purchase,1713 Molly Dr.,45412.5
Third Party Vendors,1713 Molly Dr.,8270.25
Total for Expenses,1713 Molly Dr.,99071.81
Net Operating Income,1713 Molly Dr.,53470.42999999999
Net Income,1713 Molly Dr.,53470.42999999999
Sale of property,1735 6th St. NW,84242.93
Total for Income,1735 6th St. NW,84242.93
Gross Profit,1735 6th St. NW,84242.93
Labor,1735 6th St. NW,12400
Materials,1735 6th St. NW,4803.25
Property Insurance,1735 6th St. NW,1185.5
Property Purchase,1735 6th St. NW,45835.57
Third Party Vendors,1735 6th St. NW,3131.11
Total for Expenses,1735 6th St. NW,67355.43
Net Operating Income,1735 6th St. NW,16887.5
Net Income,1735 6th St. NW,16887.5
Closing Costs,17502 HWY 174,717.75
Dumpsters,17502 HWY 174,3139.64
Labor,17502 HWY 174,38403.66
Materials,17502 HWY 174,20285.07
Photography,17502 HWY 174,100
Property Insurance,17502 HWY 174,1405
Third Party Vendors,17502 HWY 174,16489.87
Total for Expenses,17502 HWY 174,80540.99
Net Operating Income,17502 HWY 174,-80540.99
Net Income,17502 HWY 174,-80540.99
Third Party Vendors,1755 6th st.,750
Total for Expenses,1755 6th st.,750
Net Operating Income,1755 6th st.,-750
Net Income,1755 6th st.,-750
Sale of property,1761 Cornwall Dr.,197204.2
Total for Income,1761 Cornwall Dr.,197204.2
Gross Profit,1761 Cornwall Dr.,197204.2
Admin Services,1761 Cornwall Dr.,300
Cleaning services,1761 Cornwall Dr.,150
Dumpsters,1761 Cornwall Dr.,2518.35
Earnest money,1761 Cornwall Dr.,10000
Labor,1761 Cornwall Dr.,38403.5
Materials,1761 Cornwall Dr.,28590.46
Permits,1761 Cornwall Dr.,1545.25
Property Purchase,1761 Cornwall Dr.,256152.8
Third Party Vendors,1761 Cornwall Dr.,30470.27
Total for Expenses,1761 Cornwall Dr.,368130.63
Net Operating Income,1761 Cornwall Dr.,-170926.43
Mortgage,1761 Cornwall Dr.,200000
Total for Other Income,1761 Cornwall Dr.,200000
Net Other Income,1761 Cornwall Dr.,200000
Net Income,1761 Cornwall Dr.,29073.570000000007
Sale of property,1766 Brookside Rd,255370.5
Total for Income,1766 Brookside Rd,255370.5
Gross Profit,1766 Brookside Rd,255370.5
Cleaning services,1766 Brookside Rd,600
Dumpsters,1766 Brookside Rd,1632.41
Interest Payment,1766 Brookside Rd,5000
Labor,1766 Brookside Rd,26400.77
Materials,1766 Brookside Rd,10402.54
Property Purchase,1766 Brookside Rd,72955
Third Party Vendors,1766 Brookside Rd,19734.68
Utilities,1766 Brookside Rd,1316.13
Total for Expenses,1766 Brookside Rd,138041.53
Net Operating Income,1766 Brookside Rd,117328.97
Net Income,1766 Brookside Rd,117328.97
Sale of property,1788 Whitmire St,244967.21
Total for Income,1788 Whitmire St,244967.21
Gross Profit,1788 Whitmire St,244967.21
Dumpsters,1788 Whitmire St,1930.83
Labor,1788 Whitmire St,38425
Labor and Materials,1788 Whitmire St,7835
Materials,1788 Whitmire St,45134.9
Permits,1788 Whitmire St,1459.79
Property Purchase,1788 Whitmire St,86722.92
Property taxes,1788 Whitmire St,1523.31
Survey,1788 Whitmire St,1219.67
Third Party Vendors,1788 Whitmire St,20640.23
Utilities,1788 Whitmire St,2254.4
Total for Expenses,1788 Whitmire St,207146.05000000002
Net Operating Income,1788 Whitmire St,37821.159999999974
Mortgage,1788 Whitmire St,150000
Total for Other Income,1788 Whitmire St,150000
Net Other Income,1788 Whitmire St,150000
Net Income,1788 Whitmire St,187821.15999999997
Sale of property,1790 Ray Wyatt Rd,134717.88
Total for Income,1790 Ray Wyatt Rd,134717.88
Gross Profit,1790 Ray Wyatt Rd,134717.88
Property Purchase,1790 Ray Wyatt Rd,91662
Total for Expenses,1790 Ray Wyatt Rd,91662
Net Operating Income,1790 Ray Wyatt Rd,43055.880000000005
Net Income,1790 Ray Wyatt Rd,43055.880000000005
Sale of property,1791 Vestaview Ln,341912.83
Total for Income,1791 Vestaview Ln,341912.83
Gross Profit,1791 Vestaview Ln,341912.83
Cleaning services,1791 Vestaview Ln,300
Dumpsters,1791 Vestaview Ln,2901.06
Interest Payment,1791 Vestaview Ln,2811.68
Labor,1791 Vestaview Ln,32035
Materials,1791 Vestaview Ln,40582.58
Property Purchase,1791 Vestaview Ln,105610.5
Third Party Vendors,1791 Vestaview Ln,42807.48
Utilities,1791 Vestaview Ln,666.61
Total for Expenses,1791 Vestaview Ln,227714.91
Net Operating Income,1791 Vestaview Ln,114197.92000000001
Net Income,1791 Vestaview Ln,114197.92000000001
Cleaning services,1792 Whitmire St,200
Dumpsters,1792 Whitmire St,1062.41
Interest Payment,1792 Whitmire St,2250
Labor,1792 Whitmire St,135326.08
Materials,1792 Whitmire St,46950.09
Permits,1792 Whitmire St,5554.49
Third Party Vendors,1792 Whitmire St,50280
Utilities,1792 Whitmire St,4944.61
Total for Expenses,1792 Whitmire St,246567.67999999996
Net Operating Income,1792 Whitmire St,-246567.67999999996
Mortgage,1792 Whitmire St,225362.9
Total for Other Income,1792 Whitmire St,225362.9
Net Other Income,1792 Whitmire St,225362.9
Net Income,1792 Whitmire St,-21204.77999999997
Earnest money,180 Charleston Way,1000
Interest Payment,180 Charleston Way,5000
Materials,180 Charleston Way,750.71
Property Purchase,180 Charleston Way,95337.11
Total for Expenses,180 Charleston Way,102087.82
Net Operating Income,180 Charleston Way,-102087.82
Mortgage,180 Charleston Way,150000
Total for Other Income,180 Charleston Way,150000
Net Other Income,180 Charleston Way,150000
Net Income,180 Charleston Way,47912.17999999999
Materials,1803 5th Ave.S.,1450.57
Total for Expenses,1803 5th Ave.S.,1450.57
Net Operating Income,1803 5th Ave.S.,-1450.57
Net Income,1803 5th Ave.S.,-1450.57
Dumpsters,1805 Tin Valley Cir,2601.89
Labor,1805 Tin Valley Cir,7041.5
Materials,1805 Tin Valley Cir,41187.66
Office Supplies,1805 Tin Valley Cir,1517.38
Property Purchase,1805 Tin Valley Cir,25112
Third Party Vendors,1805 Tin Valley Cir,31402.25
Total for Expenses,1805 Tin Valley Cir,108862.68
Net Operating Income,1805 Tin Valley Cir,-108862.68
Net Income,1805 Tin Valley Cir,-108862.68
Property Purchase,1809 Tin Valley Cir,101204.5
Total for Expenses,1809 Tin Valley Cir,101204.5
Net Operating Income,1809 Tin Valley Cir,-101204.5
Net Income,1809 Tin Valley Cir,-101204.5
Sale of property,1824 Otis Rd,210479.27
Total for Income,1824 Otis Rd,210479.27
Gross Profit,1824 Otis Rd,210479.27
Cleaning services,1824 Otis Rd,165
Dumpsters,1824 Otis Rd,1012.75
Earnest money,1824 Otis Rd,500
Labor,1824 Otis Rd,26524.4
Materials,1824 Otis Rd,18864.25
Property Purchase,1824 Otis Rd,129125.95
Third Party Vendors,1824 Otis Rd,15636.79
Utilities,1824 Otis Rd,1575.89
Total for Expenses,1824 Otis Rd,193405.03000000003
Net Operating Income,1824 Otis Rd,17074.23999999996
Net Income,1824 Otis Rd,17074.23999999996
Sale of property,1831 Otis Cir.,202122.37
Total for Income,1831 Otis Cir.,202122.37
Gross Profit,1831 Otis Cir.,202122.37
Dumpsters,1831 Otis Cir.,547.14
Labor,1831 Otis Cir.,12450
Materials,1831 Otis Cir.,12686.42
Photography,1831 Otis Cir.,50
Property Purchase,1831 Otis Cir.,139245.1
Third Party Vendors,1831 Otis Cir.,9282
Total for Expenses,1831 Otis Cir.,174260.66
Net Operating Income,1831 Otis Cir.,27861.709999999992
Net Income,1831 Otis Cir.,27861.709999999992
Sale of property,1831 Satterwhite St.,120980.54
Total for Income,1831 Satterwhite St.,120980.54
Gross Profit,1831 Satterwhite St.,120980.54
Dumpsters,1831 Satterwhite St.,1793.54
Interest Payment,1831 Satterwhite St.,2313
Labor,1831 Satterwhite St.,27613
Materials,1831 Satterwhite St.,15953.66
Property Insurance,1831 Satterwhite St.,842.5
Third Party Vendors,1831 Satterwhite St.,6934.95
Total for Expenses,1831 Satterwhite St.,55450.649999999994
Net Operating Income,1831 Satterwhite St.,65529.89
Net Income,1831 Satterwhite St.,65529.89
Earnest money,1861 Cedar Crest Rd,1000
Total for Expenses,1861 Cedar Crest Rd,1000
Net Operating Income,1861 Cedar Crest Rd,-1000
Net Income,1861 Cedar Crest Rd,-1000
Dumpsters,1869 Lane Dr,594
Materials,1869 Lane Dr,3875.6
Total for Expenses,1869 Lane Dr,4469.6
Net Operating Income,1869 Lane Dr,-4469.6
Net Income,1869 Lane Dr,-4469.6
Sale of property,1908 Heritage Rd,90066.87
Total for Income,1908 Heritage Rd,90066.87
Gross Profit,1908 Heritage Rd,90066.87
Admin Services,1908 Heritage Rd,300
Cleaning services,1908 Heritage Rd,150
Dumpsters,1908 Heritage Rd,2989.68
Earnest money,1908 Heritage Rd,2500
Labor,1908 Heritage Rd,37499.33
Materials,1908 Heritage Rd,27336.76
Property Purchase,1908 Heritage Rd,120000
Third Party Vendors,1908 Heritage Rd,12251.8
Total for Expenses,1908 Heritage Rd,203027.57
Net Operating Income,1908 Heritage Rd,-112960.70000000001
Mortgage,1908 Heritage Rd,120000
Total for Other Income,1908 Heritage Rd,120000
Net Other Income,1908 Heritage Rd,120000
Net Income,1908 Heritage Rd,7039.299999999988
Sale of property,1909 Thornhill Rd.,101349.1
Total for Income,1909 Thornhill Rd.,101349.1
Gross Profit,1909 Thornhill Rd.,101349.1
Admin Services,1909 Thornhill Rd.,500
Closing Costs,1909 Thornhill Rd.,946.45
Dumpsters,1909 Thornhill Rd.,662
Interest Payment,1909 Thornhill Rd.,1733.34
Labor,1909 Thornhill Rd.,13000
Materials,1909 Thornhill Rd.,10388.64
Permits,1909 Thornhill Rd.,988
Professional Fees,1909 Thornhill Rd.,200
Property Insurance,1909 Thornhill Rd.,867.5
Third Party Vendors,1909 Thornhill Rd.,11393.07
Total for Expenses,1909 Thornhill Rd.,40679
Net Operating Income,1909 Thornhill Rd.,60670.100000000006
Net Income,1909 Thornhill Rd.,60670.100000000006
Sale of property,1929 11th St NW,100035.64
Total for Income,1929 11th St NW,100035.64
Gross Profit,1929 11th St NW,100035.64
Cleaning services,1929 11th St NW,170
Dumpsters,1929 11th St NW,1484.58
Interest Payment,1929 11th St NW,8646.67
Labor,1929 11th St NW,22250
Materials,1929 11th St NW,24752.47
Property Purchase,1929 11th St NW,2034.33
Third Party Vendors,1929 11th St NW,20795.81
Utilities,1929 11th St NW,1598.66
Total for Expenses,1929 11th St NW,81732.52
Net Operating Income,1929 11th St NW,18303.119999999995
Net Income,1929 11th St NW,18303.119999999995
Dumpsters,193 Rena Dr,2873.85
Interest Payment,193 Rena Dr,13677.42
Labor,193 Rena Dr,46900
Materials,193 Rena Dr,67626.76
Permits,193 Rena Dr,1655
Property Purchase,193 Rena Dr,1547.62
Survey,193 Rena Dr,900
Third Party Vendors,193 Rena Dr,57111.19
Utilities,193 Rena Dr,3203.48
Total for Expenses,193 Rena Dr,195495.32
Net Operating Income,193 Rena Dr,-195495.32
Net Income,193 Rena Dr,-195495.32
Dumpsters,193 Woodland Dr.,1479.46
Interest Payment,193 Woodland Dr.,14000
Labor,193 Woodland Dr.,36222
Materials,193 Woodland Dr.,27071.14
Third Party Vendors,193 Woodland Dr.,14788.64
Utilities,193 Woodland Dr.,202.08
Total for Expenses,193 Woodland Dr.,93763.32
Net Operating Income,193 Woodland Dr.,-93763.32
Net Income,193 Woodland Dr.,-93763.32
Sale of property,1939 Westridge,106907.81
Total for Income,1939 Westridge,106907.81
Gross Profit,1939 Westridge,106907.81
Dumpsters,1939 Westridge,2386.78
Interest Payment,1939 Westridge,7020
Labor,1939 Westridge,25170
Materials,1939 Westridge,24162.73
Property Insurance,1939 Westridge,400
Third Party Vendors,1939 Westridge,16452.9
Utilities,1939 Westridge,1480.98
Total for Expenses,1939 Westridge,77073.39
Net Operating Income,1939 Westridge,29834.42
Net Income,1939 Westridge,29834.42
Sale of property,1946 Seven Bark Ln.,187760.16
Total for Income,1946 Seven Bark Ln.,187760.16
Gross Profit,1946 Seven Bark Ln.,187760.16
Closing Costs,1946 Seven Bark Ln.,1054.2
Dumpsters,1946 Seven Bark Ln.,1833.77
Interest Payment,1946 Seven Bark Ln.,4216
Labor,1946 Seven Bark Ln.,27200
Materials,1946 Seven Bark Ln.,32282.02
Property Insurance,1946 Seven Bark Ln.,1270.5
Third Party Vendors,1946 Seven Bark Ln.,35155.5
Utilities,1946 Seven Bark Ln.,50
Total for Expenses,1946 Seven Bark Ln.,103061.99
Net Operating Income,1946 Seven Bark Ln.,84698.17
Net Income,1946 Seven Bark Ln.,84698.17
Sale of property,1951 Croydon Cir,183889.63
Total for Income,1951 Croydon Cir,183889.63
Gross Profit,1951 Croydon Cir,183889.63
Property Purchase,1951 Croydon Cir,151357.03
Total for Expenses,1951 Croydon Cir,151357.03
Net Operating Income,1951 Croydon Cir,32532.600000000006
Net Income,1951 Croydon Cir,32532.600000000006
Sale of property,1973 Chandaway Dr.,123715.92
Total for Income,1973 Chandaway Dr.,123715.92
Gross Profit,1973 Chandaway Dr.,123715.92
Closing Costs,1973 Chandaway Dr.,580
Dumpsters,1973 Chandaway Dr.,1499.51
Earnest money,1973 Chandaway Dr.,2500
Interest Payment,1973 Chandaway Dr.,10612.9
Labor,1973 Chandaway Dr.,24850
Materials,1973 Chandaway Dr.,26905.26
Third Party Vendors,1973 Chandaway Dr.,21193.4
Utilities,1973 Chandaway Dr.,50
Total for Expenses,1973 Chandaway Dr.,88191.07
Net Operating Income,1973 Chandaway Dr.,35524.84999999999
Net Income,1973 Chandaway Dr.,35524.84999999999
Sale of property,200 Saint John Dr.,86052.33
Total for Income,200 Saint John Dr.,86052.33
Gross Profit,200 Saint John Dr.,86052.33
Closing Costs,200 Saint John Dr.,1200.14
Dumpsters,200 Saint John Dr.,932.15
Interest Payment,200 Saint John Dr.,2880
Labor,200 Saint John Dr.,15625
Materials,200 Saint John Dr.,6014.32
Property Insurance,200 Saint John Dr.,1634
Third Party Vendors,200 Saint John Dr.,8984.98
Total for Expenses,200 Saint John Dr.,37270.59
Net Operating Income,200 Saint John Dr.,48781.740000000005
Net Income,200 Saint John Dr.,48781.740000000005
Sale of property,20001 Rabbit Ridge Rd,165328.57
Total for Income,20001 Rabbit Ridge Rd,165328.57
Gross Profit,20001 Rabbit Ridge Rd,165328.57
Admin Services,20001 Rabbit Ridge Rd,300
Dumpsters,20001 Rabbit Ridge Rd,1896.49
Materials,20001 Rabbit Ridge Rd,2333.67
Total for Expenses,20001 Rabbit Ridge Rd,4530.16
Net Operating Income,20001 Rabbit Ridge Rd,160798.41
Net Income,20001 Rabbit Ridge Rd,160798.41
Labor,20001 Rabbit Ridge,28195.32
Materials,20001 Rabbit Ridge,23861.7
Property Purchase,20001 Rabbit Ridge,45986.06
Third Party Vendors,20001 Rabbit Ridge,11589.6
Utilities,20001 Rabbit Ridge,115
Total for Expenses,20001 Rabbit Ridge,109747.68000000001
Net Operating Income,20001 Rabbit Ridge,-109747.68000000001
Net Income,20001 Rabbit Ridge,-109747.68000000001
Sale of property,Total for 20001 Rabbit Ridge Rd,165328.57
Total for Income,Total for 20001 Rabbit Ridge Rd,165328.57
Gross Profit,Total for 20001 Rabbit Ridge Rd,165328.57
Admin Services,Total for 20001 Rabbit Ridge Rd,300
Dumpsters,Total for 20001 Rabbit Ridge Rd,1896.49
Labor,Total for 20001 Rabbit Ridge Rd,28195.32
Materials,Total for 20001 Rabbit Ridge Rd,26195.370000000003
Property Purchase,Total for 20001 Rabbit Ridge Rd,45986.06
Third Party Vendors,Total for 20001 Rabbit Ridge Rd,11589.6
Utilities,Total for 20001 Rabbit Ridge Rd,115
Total for Expenses,Total for 20001 Rabbit Ridge Rd,114277.84000000001
Net Operating Income,Total for 20001 Rabbit Ridge Rd,51050.729999999996
Net Income,Total for 20001 Rabbit Ridge Rd,51050.729999999996
Cleaning services,201 Forest Dr,500
Dumpsters,201 Forest Dr,2818.21
Interest Payment,201 Forest Dr,6805.93
Labor,201 Forest Dr,27985
Materials,201 Forest Dr,32880.39
Property Insurance,201 Forest Dr,1433.36
Property Purchase,201 Forest Dr,105466.99
Third Party Vendors,201 Forest Dr,28189.4
Utilities,201 Forest Dr,223.56
Total for Expenses,201 Forest Dr,206302.84
Net Operating Income,201 Forest Dr,-206302.84
Mortgage,201 Forest Dr,160000
Total for Other Income,201 Forest Dr,160000
Net Other Income,201 Forest Dr,160000
Net Income,201 Forest Dr,-46302.84
Tax payments,2021 tax payments,321914.29
Total for Expenses,2021 tax payments,321914.29
Net Operating Income,2021 tax payments,-321914.29
Net Income,2021 tax payments,-321914.29
Professional Fees,2022 taxes,300
Tax payments,2022 taxes,759455.28
Total for Expenses,2022 taxes,759755.28
Net Operating Income,2022 taxes,-759755.28
Net Income,2022 taxes,-759755.28
Cleaning services,2038 22nd Ct S,433.33
Dumpsters,2038 22nd Ct S,5542.43
Earnest money,2038 22nd Ct S,3000
Interest Payment,2038 22nd Ct S,26871.45
Labor,2038 22nd Ct S,43043
Materials,2038 22nd Ct S,53638.85
Professional Fees,2038 22nd Ct S,522.11
Property Insurance,2038 22nd Ct S,1663.62
Property Purchase,2038 22nd Ct S,43551.86
Staging and Interiors,2038 22nd Ct S,2800
Third Party Vendors,2038 22nd Ct S,59818.16
Utilities,2038 22nd Ct S,1921.23
Total for Expenses,2038 22nd Ct S,242806.03999999998
Net Operating Income,2038 22nd Ct S,-242806.03999999998
Net Income,2038 22nd Ct S,-242806.03999999998
Sale of property,204 Lane Park Cir,156968.35
Total for Income,204 Lane Park Cir,156968.35
Gross Profit,204 Lane Park Cir,156968.35
Interest Payment,204 Lane Park Cir,7288.92
Labor,204 Lane Park Cir,20680.11
Materials,204 Lane Park Cir,14466.69
Property Insurance,204 Lane Park Cir,1431.5
Property Purchase,204 Lane Park Cir,5000
Third Party Vendors,204 Lane Park Cir,7412.31
Total for Expenses,204 Lane Park Cir,56279.53
Net Operating Income,204 Lane Park Cir,100688.82
Net Income,204 Lane Park Cir,100688.82
Sale of property,205 Mashburn Dr,73740.78
Total for Income,205 Mashburn Dr,73740.78
Gross Profit,205 Mashburn Dr,73740.78
Business License,205 Mashburn Dr,324.99
Cleaning services,205 Mashburn Dr,350
Dumpsters,205 Mashburn Dr,1012.75
Labor,205 Mashburn Dr,22774.32
Materials,205 Mashburn Dr,21260.95
Permits,205 Mashburn Dr,1195.78
Referal Fee,205 Mashburn Dr,5000
Third Party Vendors,205 Mashburn Dr,22720.89
Utilities,205 Mashburn Dr,1979.2
Total for Expenses,205 Mashburn Dr,76618.87999999999
Net Operating Income,205 Mashburn Dr,-2878.0999999999913
Net Income,205 Mashburn Dr,-2878.0999999999913
Rental Income,2050 Montreat Pkwy Unit A,-1200
Total for Rental Income,2050 Montreat Pkwy Unit A,-1200
Total for Income,2050 Montreat Pkwy Unit A,-1200
Gross Profit,2050 Montreat Pkwy Unit A,-1200
Cleaning services,2050 Montreat Pkwy Unit A,315
Labor,2050 Montreat Pkwy Unit A,345
Materials,2050 Montreat Pkwy Unit A,498.28
Property Purchase,2050 Montreat Pkwy Unit A,96443.39
Third Party Vendors,2050 Montreat Pkwy Unit A,1588
Utilities,2050 Montreat Pkwy Unit A,78.35
Total for Expenses,2050 Montreat Pkwy Unit A,99268.02
Net Operating Income,2050 Montreat Pkwy Unit A,-100468.02
Net Income,2050 Montreat Pkwy Unit A,-100468.02
Sale of property,2056 Self Ln.,159581.63
Total for Income,2056 Self Ln.,159581.63
Gross Profit,2056 Self Ln.,159581.63
Dumpsters,2056 Self Ln.,932.15
Earnest money,2056 Self Ln.,1000
Labor,2056 Self Ln.,19535.25
Materials,2056 Self Ln.,13403.52
Permits,2056 Self Ln.,174
Property Insurance,2056 Self Ln.,716
Property Purchase,2056 Self Ln.,74318.32
Third Party Vendors,2056 Self Ln.,9200
Total for Expenses,2056 Self Ln.,119279.24
Net Operating Income,2056 Self Ln.,40302.39
Net Income,2056 Self Ln.,40302.39
Sale of property,206 Annetta Cir,243807.12
Total for Income,206 Annetta Cir,243807.12
Gross Profit,206 Annetta Cir,243807.12
Cleaning services,206 Annetta Cir,370
Dumpsters,206 Annetta Cir,2481.12
Labor,206 Annetta Cir,29507.33
Materials,206 Annetta Cir,21284.46
Property Purchase,206 Annetta Cir,120985.09
Third Party Vendors,206 Annetta Cir,7093.5
Utilities,206 Annetta Cir,1224.88
Total for Expenses,206 Annetta Cir,182946.38
Net Operating Income,206 Annetta Cir,60860.73999999999
Net Income,206 Annetta Cir,60860.73999999999
Sale of property,2073 Russet Woods Trl,100896.5
Total for Income,2073 Russet Woods Trl,100896.5
Gross Profit,2073 Russet Woods Trl,100896.5
Closing Costs,2073 Russet Woods Trl,229.22
Dumpsters,2073 Russet Woods Trl,566.07
Earnest money,2073 Russet Woods Trl,1000
Labor,2073 Russet Woods Trl,23400
Materials,2073 Russet Woods Trl,17822.82
Property Purchase,2073 Russet Woods Trl,198000
Third Party Vendors,2073 Russet Woods Trl,7342
Utilities,2073 Russet Woods Trl,282.13
Total for Expenses,2073 Russet Woods Trl,248642.24
Net Operating Income,2073 Russet Woods Trl,-147745.74
Mortgage,2073 Russet Woods Trl,198000
Total for Other Income,2073 Russet Woods Trl,198000
Net Other Income,2073 Russet Woods Trl,198000
Net Income,2073 Russet Woods Trl,50254.26000000001
Labor,208 Snake Hill Rd,14500
Materials,208 Snake Hill Rd,33351.1
Permits,208 Snake Hill Rd,2393
Property Purchase,208 Snake Hill Rd,44934.36
Utilities,208 Snake Hill Rd,451.64
Total for Expenses,208 Snake Hill Rd,95630.09999999999
Net Operating Income,208 Snake Hill Rd,-95630.09999999999
Net Income,208 Snake Hill Rd,-95630.09999999999
Sale of property,2104 Carlisle Cir.,96006.5
Total for Income,2104 Carlisle Cir.,96006.5
Gross Profit,2104 Carlisle Cir.,96006.5
Dumpsters,2104 Carlisle Cir.,1787.05
Labor,2104 Carlisle Cir.,1422
Labor and Materials,2104 Carlisle Cir.,52899.4
Materials,2104 Carlisle Cir.,118.97
Third Party Vendors,2104 Carlisle Cir.,8217.2
Total for Expenses,2104 Carlisle Cir.,64444.62000000001
Net Operating Income,2104 Carlisle Cir.,31561.87999999999
Net Income,2104 Carlisle Cir.,31561.87999999999
Sale of property,2116 Lakeview Trace,373060.45
Total for Income,2116 Lakeview Trace,373060.45
Gross Profit,2116 Lakeview Trace,373060.45
Cleaning services,2116 Lakeview Trace,850
Dumpsters,2116 Lakeview Trace,1918.89
Earnest money,2116 Lakeview Trace,10015
Interest Payment,2116 Lakeview Trace,31854.12
Labor,2116 Lakeview Trace,64740
Labor and Materials,2116 Lakeview Trace,2100
Legal Fees,2116 Lakeview Trace,400
Materials,2116 Lakeview Trace,38856.18
Photography,2116 Lakeview Trace,188
Property Purchase,2116 Lakeview Trace,489913.73
Property taxes,2116 Lakeview Trace,5404.17
Third Party Vendors,2116 Lakeview Trace,43236.12
Utilities,2116 Lakeview Trace,1377.43
Total for Expenses,2116 Lakeview Trace,690853.64
Net Operating Income,2116 Lakeview Trace,-317793.19
Mortgage,2116 Lakeview Trace,396656
Total for Other Income,2116 Lakeview Trace,396656
Net Other Income,2116 Lakeview Trace,396656
Net Income,2116 Lakeview Trace,78862.81
Sale of property,21164 Elizabeth Dr,95712.3
Total for Income,21164 Elizabeth Dr,95712.3
Gross Profit,21164 Elizabeth Dr,95712.3
Dumpsters,21164 Elizabeth Dr,1545.13
Interest Payment,21164 Elizabeth Dr,7000
Labor,21164 Elizabeth Dr,25190
Materials,21164 Elizabeth Dr,28159.09
Third Party Vendors,21164 Elizabeth Dr,18009
Utilities,21164 Elizabeth Dr,150
Total for Expenses,21164 Elizabeth Dr,80053.22
Net Operating Income,21164 Elizabeth Dr,15659.080000000002
Net Income,21164 Elizabeth Dr,15659.080000000002
Sale of property,212 Dexter Ct.,141145.21
Total for Income,212 Dexter Ct.,141145.21
Gross Profit,212 Dexter Ct.,141145.21
Admin Services,212 Dexter Ct.,300
Dumpsters,212 Dexter Ct.,1007.86
Labor,212 Dexter Ct.,6450
Materials,212 Dexter Ct.,2111.45
Property Purchase,212 Dexter Ct.,105961.55
Third Party Vendors,212 Dexter Ct.,5770
Total for Expenses,212 Dexter Ct.,121600.86
Net Operating Income,212 Dexter Ct.,19544.34999999999
Net Income,212 Dexter Ct.,19544.34999999999
Sale of property,2123 28th Ave N,98214.2
Total for Income,2123 28th Ave N,98214.2
Gross Profit,2123 28th Ave N,98214.2
Dumpsters,2123 28th Ave N,2879.89
Interest Payment,2123 28th Ave N,9000
Labor,2123 28th Ave N,22000
Materials,2123 28th Ave N,24872.71
Property Insurance,2123 28th Ave N,727.16
Property Purchase,2123 28th Ave N,3590.5
Third Party Vendors,2123 28th Ave N,18565.37
Utilities,2123 28th Ave N,2596.27
Total for Expenses,2123 28th Ave N,84231.90000000001
Net Operating Income,2123 28th Ave N,13982.299999999988
Net Income,2123 28th Ave N,13982.299999999988
Sale of property,214 Stone Ridge Trail,287518.79
Total for Income,214 Stone Ridge Trail,287518.79
Gross Profit,214 Stone Ridge Trail,287518.79
Admin Services,214 Stone Ridge Trail,300
Business License,214 Stone Ridge Trail,64
Dumpsters,214 Stone Ridge Trail,4307.91
Earnest money,214 Stone Ridge Trail,7500
Labor,214 Stone Ridge Trail,35541
Materials,214 Stone Ridge Trail,45854.94
Permits,214 Stone Ridge Trail,100
Photography,214 Stone Ridge Trail,115
Property Purchase,214 Stone Ridge Trail,118065.55
Third Party Vendors,214 Stone Ridge Trail,27532.56
Utilities,214 Stone Ridge Trail,375
Total for Expenses,214 Stone Ridge Trail,239755.96000000002
Net Operating Income,214 Stone Ridge Trail,47762.82999999996
Net Income,214 Stone Ridge Trail,47762.82999999996
Sale of property,2146 Rock Mtn. Rd.,95304
Total for Income,2146 Rock Mtn. Rd.,95304
Gross Profit,2146 Rock Mtn. Rd.,95304
Interest Payment,2146 Rock Mtn. Rd.,3333.35
Labor,2146 Rock Mtn. Rd.,24700
Reimbursment,2146 Rock Mtn. Rd.,215.06
Total for Expenses,2146 Rock Mtn. Rd.,28248.41
Net Operating Income,2146 Rock Mtn. Rd.,67055.59
Net Income,2146 Rock Mtn. Rd.,67055.59
Labor and Materials,2146 Rock Mtn. Lake Dr.,20000
Materials,2146 Rock Mtn. Lake Dr.,27
Total for Expenses,2146 Rock Mtn. Lake Dr.,20027
Net Operating Income,2146 Rock Mtn. Lake Dr.,-20027
Net Income,2146 Rock Mtn. Lake Dr.,-20027
Interest Payment,2146 Rock Mtn. Rd,666.67
Labor and Materials,2146 Rock Mtn. Rd,15000
Property Purchase,2146 Rock Mtn. Rd,70000
Third Party Vendors,2146 Rock Mtn. Rd,2209
Total for Expenses,2146 Rock Mtn. Rd,87875.67
Net Operating Income,2146 Rock Mtn. Rd,-87875.67
Net Income,2146 Rock Mtn. Rd,-87875.67
Sale of property,Total for 2146 Rock Mtn. Rd.,95304
Total for Income,Total for 2146 Rock Mtn. Rd.,95304
Gross Profit,Total for 2146 Rock Mtn. Rd.,95304
Interest Payment,Total for 2146 Rock Mtn. Rd.,4000.02
Labor,Total for 2146 Rock Mtn. Rd.,24700
Labor and Materials,Total for 2146 Rock Mtn. Rd.,35000
Materials,Total for 2146 Rock Mtn. Rd.,27
Property Purchase,Total for 2146 Rock Mtn. Rd.,70000
Reimbursment,Total for 2146 Rock Mtn. Rd.,215.06
Third Party Vendors,Total for 2146 Rock Mtn. Rd.,2209
Total for Expenses,Total for 2146 Rock Mtn. Rd.,136151.08
Net Operating Income,Total for 2146 Rock Mtn. Rd.,-40847.08
Net Income,Total for 2146 Rock Mtn. Rd.,-40847.08
Earnest money,215 Observatory Dr,-1311.34
Materials,215 Observatory Dr,10810.21
Third Party Vendors,215 Observatory Dr,118
Total for Expenses,215 Observatory Dr,9616.869999999999
Net Operating Income,215 Observatory Dr,-9616.869999999999
Net Income,215 Observatory Dr,-9616.869999999999
Earnest money,215 Oberservatory Dr,2500
Total for Expenses,215 Oberservatory Dr,2500
Net Operating Income,215 Oberservatory Dr,-2500
Net Income,215 Oberservatory Dr,-2500
Sale of property,245 Observatory Dr,90930.27
Total for Income,245 Observatory Dr,90930.27
Gross Profit,245 Observatory Dr,90930.27
Admin Services,245 Observatory Dr,300
Dumpsters,245 Observatory Dr,1499.9
Interest Payment,245 Observatory Dr,3200.01
Labor,245 Observatory Dr,29997.79
Materials,245 Observatory Dr,3994.28
Photography,245 Observatory Dr,100
Third Party Vendors,245 Observatory Dr,15514
Total for Expenses,245 Observatory Dr,54605.979999999996
Net Operating Income,245 Observatory Dr,36324.29000000001
Net Income,245 Observatory Dr,36324.29000000001
Sale of property,Total for 215 Observatory Dr,90930.27
Total for Income,Total for 215 Observatory Dr,90930.27
Gross Profit,Total for 215 Observatory Dr,90930.27
Admin Services,Total for 215 Observatory Dr,300
Dumpsters,Total for 215 Observatory Dr,1499.9
Earnest money,Total for 215 Observatory Dr,1188.66
Interest Payment,Total for 215 Observatory Dr,3200.01
Labor,Total for 215 Observatory Dr,29997.79
Materials,Total for 215 Observatory Dr,14804.49
Photography,Total for 215 Observatory Dr,100
Third Party Vendors,Total for 215 Observatory Dr,15632
Total for Expenses,Total for 215 Observatory Dr,66722.84999999999
Net Operating Income,Total for 215 Observatory Dr,24207.42000000001
Net Income,Total for 215 Observatory Dr,24207.42000000001
Sale of property,215 Sunrise Dr.,182479.22
Total for Income,215 Sunrise Dr.,182479.22
Gross Profit,215 Sunrise Dr.,182479.22
Property Purchase,215 Sunrise Dr.,141604.31
Reimbursment,215 Sunrise Dr.,-84.27
Total for Expenses,215 Sunrise Dr.,141520.04
Net Operating Income,215 Sunrise Dr.,40959.17999999999
Net Income,215 Sunrise Dr.,40959.17999999999
Cleaning services,2157 Parsons Dr,200
Interest Payment,2157 Parsons Dr,826.66
Labor,2157 Parsons Dr,11675
Materials,2157 Parsons Dr,8856.83
Property Insurance,2157 Parsons Dr,542.34
Property Purchase,2157 Parsons Dr,35326.68
Third Party Vendors,2157 Parsons Dr,18839
Utilities,2157 Parsons Dr,841.13
Total for Expenses,2157 Parsons Dr,77107.64
Net Operating Income,2157 Parsons Dr,-77107.64
Net Income,2157 Parsons Dr,-77107.64
Sale of property,216 Chestnut St,121334.08
Total for Income,216 Chestnut St,121334.08
Gross Profit,216 Chestnut St,121334.08
Admin Services,216 Chestnut St,300
Cleaning services,216 Chestnut St,300
Dumpsters,216 Chestnut St,6528.89
Interest Payment,216 Chestnut St,9600.03
Labor,216 Chestnut St,69510.61
Materials,216 Chestnut St,53926.06
Third Party Vendors,216 Chestnut St,58674.01
Total for Expenses,216 Chestnut St,198839.6
Net Operating Income,216 Chestnut St,-77505.52
Mortgage,216 Chestnut St,38084.3
Total for Other Income,216 Chestnut St,38084.3
Net Other Income,216 Chestnut St,38084.3
Net Income,216 Chestnut St,-39421.22
Sale of property,216 Handley Rd.,96352.56
Total for Income,216 Handley Rd.,96352.56
Gross Profit,216 Handley Rd.,96352.56
Admin Services,216 Handley Rd.,250
Dumpsters,216 Handley Rd.,1372.42
Labor,216 Handley Rd.,23119.2
Materials,216 Handley Rd.,13876.86
Photography,216 Handley Rd.,100
Property Purchase,216 Handley Rd.,131157.87
Third Party Vendors,216 Handley Rd.,20585.36
Total for Expenses,216 Handley Rd.,190461.71000000002
Net Operating Income,216 Handley Rd.,-94109.15000000002
Mortgage,216 Handley Rd.,130000
Total for Other Income,216 Handley Rd.,130000
Net Other Income,216 Handley Rd.,130000
Net Income,216 Handley Rd.,35890.84999999998
Earnest money,2164 Elizabeth Dr,1000
Total for Expenses,2164 Elizabeth Dr,1000
Net Operating Income,2164 Elizabeth Dr,-1000
Net Income,2164 Elizabeth Dr,-1000
Sale of property,217 Kings Crest,237088.49
Total for Income,217 Kings Crest,237088.49
Gross Profit,217 Kings Crest,237088.49
Admin Services,217 Kings Crest,330
Dumpsters,217 Kings Crest,1926.57
Earnest money,217 Kings Crest,1000
Labor,217 Kings Crest,48020
Labor and Materials,217 Kings Crest,760
Materials,217 Kings Crest,41104.8
Mortgage Payment,217 Kings Crest,21337.68
Photography,217 Kings Crest,155
Property Insurance,217 Kings Crest,4738
Third Party Vendors,217 Kings Crest,14214.12
Total for Expenses,217 Kings Crest,133586.16999999998
Net Operating Income,217 Kings Crest,103502.32
Net Income,217 Kings Crest,103502.32
Sale of property,2173 Chapel Hill Rd,233269.72
Total for Income,2173 Chapel Hill Rd,233269.72
Gross Profit,2173 Chapel Hill Rd,233269.72
Cleaning services,2173 Chapel Hill Rd,150
Dumpsters,2173 Chapel Hill Rd,1529.28
Labor,2173 Chapel Hill Rd,14543.97
Materials,2173 Chapel Hill Rd,16907.36
Property Purchase,2173 Chapel Hill Rd,140562.1
Third Party Vendors,2173 Chapel Hill Rd,7507
Utilities,2173 Chapel Hill Rd,765.93
Total for Expenses,2173 Chapel Hill Rd,181965.64
Net Operating Income,2173 Chapel Hill Rd,51304.07999999999
Net Income,2173 Chapel Hill Rd,51304.07999999999
Sale of property,2200 Dogwood Trail,123919.02
Total for Income,2200 Dogwood Trail,123919.02
Gross Profit,2200 Dogwood Trail,123919.02
Admin Services,2200 Dogwood Trail,330
Dumpsters,2200 Dogwood Trail,1918.89
Earnest money,2200 Dogwood Trail,1000
Interest Payment,2200 Dogwood Trail,7000
Labor,2200 Dogwood Trail,39700
Materials,2200 Dogwood Trail,40260.58
Photography,2200 Dogwood Trail,130
Property Purchase,2200 Dogwood Trail,150000
Third Party Vendors,2200 Dogwood Trail,17615.4
Utilities,2200 Dogwood Trail,217.97
Total for Expenses,2200 Dogwood Trail,258172.84
Net Operating Income,2200 Dogwood Trail,-134253.82
Mortgage,2200 Dogwood Trail,150000
Total for Other Income,2200 Dogwood Trail,150000
Net Other Income,2200 Dogwood Trail,150000
Net Income,2200 Dogwood Trail,15746.179999999993
Sale of property,2232 Garland Dr,92960.42
Total for Income,2232 Garland Dr,92960.42
Gross Profit,2232 Garland Dr,92960.42
Dumpsters,2232 Garland Dr,2950.31
Earnest money,2232 Garland Dr,5000
Interest Payment,2232 Garland Dr,12911.56
Labor,2232 Garland Dr,39175
Materials,2232 Garland Dr,31056.48
Permits,2232 Garland Dr,339.57
Property Purchase,2232 Garland Dr,23274.61
Third Party Vendors,2232 Garland Dr,28456.66
Utilities,2232 Garland Dr,2473.84
Total for Expenses,2232 Garland Dr,145638.03
Net Operating Income,2232 Garland Dr,-52677.61
Mortgage,2232 Garland Dr,185000
Total for Other Income,2232 Garland Dr,185000
Net Other Income,2232 Garland Dr,185000
Net Income,2232 Garland Dr,132322.39
Sale of property,2234 Pup Run,113596.03
Total for Income,2234 Pup Run,113596.03
Gross Profit,2234 Pup Run,113596.03
Cleaning services,2234 Pup Run,410
Dumpsters,2234 Pup Run,2446.58
Labor,2234 Pup Run,30630
Materials,2234 Pup Run,32359.9
Permits,2234 Pup Run,2422
Third Party Vendors,2234 Pup Run,37127.88
Utilities,2234 Pup Run,1941.15
Total for Expenses,2234 Pup Run,107337.51000000001
Net Operating Income,2234 Pup Run,6258.5199999999895
Net Income,2234 Pup Run,6258.5199999999895
Sale of property,2236 Carl Jones Rd,194368.39
Total for Income,2236 Carl Jones Rd,194368.39
Gross Profit,2236 Carl Jones Rd,194368.39
Dumpsters,2236 Carl Jones Rd,1465.82
Interest Payment,2236 Carl Jones Rd,4500
Labor,2236 Carl Jones Rd,26500
Materials,2236 Carl Jones Rd,19155.58
Property Purchase,2236 Carl Jones Rd,9148.9
Third Party Vendors,2236 Carl Jones Rd,27690.6
Utilities,2236 Carl Jones Rd,125
Total for Expenses,2236 Carl Jones Rd,88585.9
Net Operating Income,2236 Carl Jones Rd,105782.49000000002
Net Income,2236 Carl Jones Rd,105782.49000000002
Cleaning services,2308 Kala St,200
Dumpsters,2308 Kala St,2848.65
Labor,2308 Kala St,32456
Materials,2308 Kala St,56942.31
Third Party Vendors,2308 Kala St,21184.5
Utilities,2308 Kala St,1209.42
Total for Expenses,2308 Kala St,114840.87999999999
Net Operating Income,2308 Kala St,-114840.87999999999
Net Income,2308 Kala St,-114840.87999999999
Sale of property,232 Redstone way,144098.32
Total for Income,232 Redstone way,144098.32
Gross Profit,232 Redstone way,144098.32
Admin Services,232 Redstone way,300
Labor,232 Redstone way,13450
Materials,232 Redstone way,6948.95
Property Purchase,232 Redstone way,75961.09
Third Party Vendors,232 Redstone way,7137
Total for Expenses,232 Redstone way,103797.04
Net Operating Income,232 Redstone way,40301.28000000001
Net Income,232 Redstone way,40301.28000000001
Sale of property,2321 Royal Knoll Ln,136820.92
Total for Income,2321 Royal Knoll Ln,136820.92
Gross Profit,2321 Royal Knoll Ln,136820.92
Closing Costs,2321 Royal Knoll Ln,1766.48
Dumpsters,2321 Royal Knoll Ln,3809.68
Interest Payment,2321 Royal Knoll Ln,9400
Labor,2321 Royal Knoll Ln,38105
Materials,2321 Royal Knoll Ln,36622.78
Referal Fee,2321 Royal Knoll Ln,25000
Third Party Vendors,2321 Royal Knoll Ln,26266.17
Utilities,2321 Royal Knoll Ln,154.89
Total for Expenses,2321 Royal Knoll Ln,141125
Net Operating Income,2321 Royal Knoll Ln,-4304.079999999987
Net Income,2321 Royal Knoll Ln,-4304.079999999987
HOA Fees,2360 Grayson Valley Dr,5580
Labor,2360 Grayson Valley Dr,4360
Materials,2360 Grayson Valley Dr,3706.79
Property Purchase,2360 Grayson Valley Dr,42221.25
Third Party Vendors,2360 Grayson Valley Dr,2805.8
Total for Expenses,2360 Grayson Valley Dr,58673.840000000004
Net Operating Income,2360 Grayson Valley Dr,-58673.840000000004
Net Income,2360 Grayson Valley Dr,-58673.840000000004
Sale of property,2364 Rocky Ridge Rd,401775.53
Total for Income,2364 Rocky Ridge Rd,401775.53
Gross Profit,2364 Rocky Ridge Rd,401775.53
Continuing Education,2364 Rocky Ridge Rd,620
Dumpsters,2364 Rocky Ridge Rd,15068.95
Labor,2364 Rocky Ridge Rd,56550
Legal Fees,2364 Rocky Ridge Rd,654.6
Materials,2364 Rocky Ridge Rd,70875.91
Photography,2364 Rocky Ridge Rd,175
Property Purchase,2364 Rocky Ridge Rd,56662.31
Third Party Vendors,2364 Rocky Ridge Rd,52499.5
Total for Expenses,2364 Rocky Ridge Rd,253106.27000000002
Net Operating Income,2364 Rocky Ridge Rd,148669.26
Net Income,2364 Rocky Ridge Rd,148669.26
Sale of property,239 Warwick Ln,274592.75
Total for Income,239 Warwick Ln,274592.75
Gross Profit,239 Warwick Ln,274592.75
Dumpsters,239 Warwick Ln,556.97
Interest Payment,239 Warwick Ln,23650
Labor,239 Warwick Ln,22103.19
Materials,239 Warwick Ln,4502.88
Property Purchase,239 Warwick Ln,202908.56
Third Party Vendors,239 Warwick Ln,38247.2
Total for Expenses,239 Warwick Ln,291968.8
Net Operating Income,239 Warwick Ln,-17376.04999999999
Net Income,239 Warwick Ln,-17376.04999999999
Sale of property,2401 16th St,99188.66
Total for Income,2401 16th St,99188.66
Gross Profit,2401 16th St,99188.66
Cleaning services,2401 16th St,225
Dumpsters,2401 16th St,6047.55
Interest Payment,2401 16th St,17090.32
Labor,2401 16th St,38260
Materials,2401 16th St,37544.85
Property Purchase,2401 16th St,120000
Staging and Interiors,2401 16th St,3650
Third Party Vendors,2401 16th St,48824.34
Utilities,2401 16th St,2315.56
Total for Expenses,2401 16th St,273957.62
Net Operating Income,2401 16th St,-174768.96
Mortgage,2401 16th St,104765.19
Total for Other Income,2401 16th St,104765.19
Net Other Income,2401 16th St,104765.19
Net Income,2401 16th St,-70003.76999999999
Labor,2406 Hampstead Dr.,1050
Materials,2406 Hampstead Dr.,529.86
Property Purchase,2406 Hampstead Dr.,71091.32
Third Party Vendors,2406 Hampstead Dr.,1844
Total for Expenses,2406 Hampstead Dr.,74515.18000000001
Net Operating Income,2406 Hampstead Dr.,-74515.18000000001
Net Income,2406 Hampstead Dr.,-74515.18000000001
Sale of property,2422 Mallard dr,88408.01
Total for Income,2422 Mallard dr,88408.01
Gross Profit,2422 Mallard dr,88408.01
Closing Costs,2422 Mallard dr,1911.76
Dumpsters,2422 Mallard dr,1024.1
Interest Payment,2422 Mallard dr,1400
Labor,2422 Mallard dr,20237
Materials,2422 Mallard dr,7576.51
Third Party Vendors,2422 Mallard dr,12237.23
Total for Expenses,2422 Mallard dr,44386.600000000006
Net Operating Income,2422 Mallard dr,44021.40999999999
Net Income,2422 Mallard dr,44021.40999999999
Sale of property,2432 Blueberry Dr.,203558.69
Total for Income,2432 Blueberry Dr.,203558.69
Gross Profit,2432 Blueberry Dr.,203558.69
Property Purchase,2432 Blueberry Dr.,156475.75
Total for Expenses,2432 Blueberry Dr.,156475.75
Net Operating Income,2432 Blueberry Dr.,47082.94
Net Income,2432 Blueberry Dr.,47082.94
Labor,2454 Hampstead Dr,11828.72
Materials,2454 Hampstead Dr,10832.59
Movers,2454 Hampstead Dr,200
Property Insurance,2454 Hampstead Dr,995.99
Property Purchase,2454 Hampstead Dr,77167.65
Third Party Vendors,2454 Hampstead Dr,13480.24
Utilities,2454 Hampstead Dr,381.73
Total for Expenses,2454 Hampstead Dr,114886.92
Net Operating Income,2454 Hampstead Dr,-114886.92
Net Income,2454 Hampstead Dr,-114886.92
Sale of property,251 Pineview Cir,159158.03
Total for Income,251 Pineview Cir,159158.03
Gross Profit,251 Pineview Cir,159158.03
Labor,251 Pineview Cir,30547.74
Materials,251 Pineview Cir,15447.3
Permits,251 Pineview Cir,93
Photography,251 Pineview Cir,100
Professional Fees,251 Pineview Cir,1000
Property Insurance,251 Pineview Cir,848
Property Purchase,251 Pineview Cir,40576.71
Property taxes,251 Pineview Cir,388.83
Third Party Vendors,251 Pineview Cir,37155.25
Total for Expenses,251 Pineview Cir,126156.83
Net Operating Income,251 Pineview Cir,33001.2
Net Income,251 Pineview Cir,33001.2
Sale of property,2512 October Dr,93102.59
Total for Income,2512 October Dr,93102.59
Gross Profit,2512 October Dr,93102.59
Admin Services,2512 October Dr,300
Dumpsters,2512 October Dr,3010.95
Earnest money,2512 October Dr,1000
Labor,2512 October Dr,12020
Materials,2512 October Dr,13714.29
Property Purchase,2512 October Dr,59179.5
Third Party Vendors,2512 October Dr,20767.55
Total for Expenses,2512 October Dr,109992.29000000001
Net Operating Income,2512 October Dr,-16889.70000000001
Net Income,2512 October Dr,-16889.70000000001
Advertising and Promotion,2513 7th St NE,456.95
Dumpsters,2513 7th St NE,2243.49
Labor,2513 7th St NE,25000
Materials,2513 7th St NE,35447.61
Permits,2513 7th St NE,3170
Property Purchase,2513 7th St NE,21042.18
Third Party Vendors,2513 7th St NE,14964.44
Utilities,2513 7th St NE,968.83
Total for Expenses,2513 7th St NE,103293.50000000001
Net Operating Income,2513 7th St NE,-103293.50000000001
Net Income,2513 7th St NE,-103293.50000000001
Dumpsters,2516 Andrew Way,446.25
Total for Expenses,2516 Andrew Way,446.25
Net Operating Income,2516 Andrew Way,-446.25
Net Income,2516 Andrew Way,-446.25
Sale of property,2517 Galloway Dr.,87983.68
Total for Income,2517 Galloway Dr.,87983.68
Gross Profit,2517 Galloway Dr.,87983.68
Dumpsters,2517 Galloway Dr.,504.7
Interest Payment,2517 Galloway Dr.,1600.01
Labor,2517 Galloway Dr.,9197.56
Materials,2517 Galloway Dr.,2607
Third Party Vendors,2517 Galloway Dr.,5957.7
Total for Expenses,2517 Galloway Dr.,19866.97
Net Operating Income,2517 Galloway Dr.,68116.70999999999
Net Income,2517 Galloway Dr.,68116.70999999999
Cleaning services,2521 Arcadia Place,263.33
Dumpsters,2521 Arcadia Place,972.03
Interest Payment,2521 Arcadia Place,1653.23
Labor,2521 Arcadia Place,22030
Materials,2521 Arcadia Place,17117.78
Property Purchase,2521 Arcadia Place,109092.55
Third Party Vendors,2521 Arcadia Place,15252.87
Utilities,2521 Arcadia Place,1213.93
Total for Expenses,2521 Arcadia Place,167595.71999999997
Net Operating Income,2521 Arcadia Place,-167595.71999999997
Mortgage,2521 Arcadia Place,125000
Total for Other Income,2521 Arcadia Place,125000
Net Other Income,2521 Arcadia Place,125000
Net Income,2521 Arcadia Place,-42595.71999999997
Earnest money,2536 Hampstead Dr,5000
Interest Payment,2536 Hampstead Dr,4791.65
Labor,2536 Hampstead Dr,1950
Materials,2536 Hampstead Dr,493.73
Third Party Vendors,2536 Hampstead Dr,7234
Total for Expenses,2536 Hampstead Dr,19469.379999999997
Net Operating Income,2536 Hampstead Dr,-19469.379999999997
Mortgage,2536 Hampstead Dr,115741.93
Total for Other Income,2536 Hampstead Dr,115741.93
Net Other Income,2536 Hampstead Dr,115741.93
Net Income,2536 Hampstead Dr,96272.54999999999
Materials,2569 Hampstead Dr,70.54
Property Purchase,2569 Hampstead Dr,84253.65
Total for Expenses,2569 Hampstead Dr,84324.18999999999
Net Operating Income,2569 Hampstead Dr,-84324.18999999999
Net Income,2569 Hampstead Dr,-84324.18999999999
Labor,2583 Hampstead Dr,1826
Materials,2583 Hampstead Dr,4045.55
Property Purchase,2583 Hampstead Dr,86376.94
Third Party Vendors,2583 Hampstead Dr,2400
Utilities,2583 Hampstead Dr,372.56
Total for Expenses,2583 Hampstead Dr,95021.05
Net Operating Income,2583 Hampstead Dr,-95021.05
Net Income,2583 Hampstead Dr,-95021.05
Sale of property,2636 Dennise Rd.,209199.2
Total for Income,2636 Dennise Rd.,209199.2
Gross Profit,2636 Dennise Rd.,209199.2
Dumpsters,2636 Dennise Rd.,519.84
Labor,2636 Dennise Rd.,9806
Materials,2636 Dennise Rd.,3633.65
Photography,2636 Dennise Rd.,115
Property Purchase,2636 Dennise Rd.,177461.12
Third Party Vendors,2636 Dennise Rd.,335
Total for Expenses,2636 Dennise Rd.,191870.61
Net Operating Income,2636 Dennise Rd.,17328.590000000026
Net Income,2636 Dennise Rd.,17328.590000000026
Dumpsters,2645 Laburnum Dr,1725.41
Total for Expenses,2645 Laburnum Dr,1725.41
Net Operating Income,2645 Laburnum Dr,-1725.41
Net Income,2645 Laburnum Dr,-1725.41
Sale of property,270 Myers Rd,85226.6
Total for Income,270 Myers Rd,85226.6
Gross Profit,270 Myers Rd,85226.6
Cleaning services,270 Myers Rd,200
Dumpsters,270 Myers Rd,1521.45
Interest Payment,270 Myers Rd,12600
Labor,270 Myers Rd,17165
Materials,270 Myers Rd,11122.48
Property Insurance,270 Myers Rd,1053.64
Property Purchase,270 Myers Rd,9384.42
Third Party Vendors,270 Myers Rd,7726
Utilities,270 Myers Rd,2712.45
Total for Expenses,270 Myers Rd,63485.439999999995
Net Operating Income,270 Myers Rd,21741.16000000001
Net Income,270 Myers Rd,21741.16000000001
Dumpsters,2701 Eastern Valley Rd,3347.5
Earnest money,2701 Eastern Valley Rd,5000
Labor,2701 Eastern Valley Rd,41344
Materials,2701 Eastern Valley Rd,61617.98
Property Purchase,2701 Eastern Valley Rd,347769
Third Party Vendors,2701 Eastern Valley Rd,51341
Utilities,2701 Eastern Valley Rd,764.15
Total for Expenses,2701 Eastern Valley Rd,511183.63
Net Operating Income,2701 Eastern Valley Rd,-511183.63
Net Income,2701 Eastern Valley Rd,-511183.63
Attorney Fees,2720 Shoemaker St,1150
Cleaning services,2720 Shoemaker St,180
Dumpsters,2720 Shoemaker St,1440.16
Labor,2720 Shoemaker St,14490
Materials,2720 Shoemaker St,14503.87
Property Insurance,2720 Shoemaker St,1061.82
Property Purchase,2720 Shoemaker St,90302.52
Third Party Vendors,2720 Shoemaker St,8733.47
Utilities,2720 Shoemaker St,1001.69
Total for Expenses,2720 Shoemaker St,132863.53
Net Operating Income,2720 Shoemaker St,-132863.53
Net Income,2720 Shoemaker St,-132863.53
Sale of property,2736 Darlene Cir,222910.39
Total for Income,2736 Darlene Cir,222910.39
Gross Profit,2736 Darlene Cir,222910.39
Dumpsters,2736 Darlene Cir,2371.96
Labor,2736 Darlene Cir,29775
Materials,2736 Darlene Cir,21581.38
Property Purchase,2736 Darlene Cir,85089.32
Referal Fee,2736 Darlene Cir,5000
Third Party Vendors,2736 Darlene Cir,22242
Total for Expenses,2736 Darlene Cir,166059.66
Net Operating Income,2736 Darlene Cir,56850.73000000001
Net Income,2736 Darlene Cir,56850.73000000001
Sale of property,2755 Austin Ln,247405.95
Total for Income,2755 Austin Ln,247405.95
Gross Profit,2755 Austin Ln,247405.95
Cleaning services,2755 Austin Ln,250
Dumpsters,2755 Austin Ln,585.67
Earnest money,2755 Austin Ln,2200
Labor,2755 Austin Ln,20554
Materials,2755 Austin Ln,3845.18
Property Purchase,2755 Austin Ln,220195.31
Third Party Vendors,2755 Austin Ln,12188.93
Utilities,2755 Austin Ln,797.83
Total for Expenses,2755 Austin Ln,260616.91999999998
Net Operating Income,2755 Austin Ln,-13210.969999999972
Net Income,2755 Austin Ln,-13210.969999999972
Sale of property,2825 2nd Way NW,157591.72
Total for Income,2825 2nd Way NW,157591.72
Gross Profit,2825 2nd Way NW,157591.72
Cleaning services,2825 2nd Way NW,695
Dumpsters,2825 2nd Way NW,4016.25
Interest Payment,2825 2nd Way NW,2493.77
Labor,2825 2nd Way NW,24344
Materials,2825 2nd Way NW,35034.82
Property Insurance,2825 2nd Way NW,929.43
Property Purchase,2825 2nd Way NW,19282.53
Third Party Vendors,2825 2nd Way NW,16938.61
Utilities,2825 2nd Way NW,864.72
Total for Expenses,2825 2nd Way NW,104599.12999999999
Net Operating Income,2825 2nd Way NW,52992.59000000001
Net Income,2825 2nd Way NW,52992.59000000001
Sale of property,2921 Florida Rd.,125738.38
Total for Income,2921 Florida Rd.,125738.38
Gross Profit,2921 Florida Rd.,125738.38
Admin Services,2921 Florida Rd.,300
Closing Costs,2921 Florida Rd.,453.52
Dumpsters,2921 Florida Rd.,5619.67
Earnest money,2921 Florida Rd.,1000
Interest Payment,2921 Florida Rd.,8750
Labor,2921 Florida Rd.,56416.31
Materials,2921 Florida Rd.,48646.43
Third Party Vendors,2921 Florida Rd.,39573.53
Utilities,2921 Florida Rd.,150
Total for Expenses,2921 Florida Rd.,160909.46
Net Operating Income,2921 Florida Rd.,-35171.07999999999
Net Income,2921 Florida Rd.,-35171.07999999999
Sale of property,2928 Floyd Bradford Rd,295546.2
Total for Income,2928 Floyd Bradford Rd,295546.2
Gross Profit,2928 Floyd Bradford Rd,295546.2
Cleaning services,2928 Floyd Bradford Rd,150
Dumpsters,2928 Floyd Bradford Rd,6618.46
Earnest money,2928 Floyd Bradford Rd,1000
Labor,2928 Floyd Bradford Rd,44189.4
Materials,2928 Floyd Bradford Rd,60272.28
Mortgage Payment,2928 Floyd Bradford Rd,12691.16
Property Insurance,2928 Floyd Bradford Rd,1071.5
Property Purchase,2928 Floyd Bradford Rd,380000
Third Party Vendors,2928 Floyd Bradford Rd,30003.58
Total for Expenses,2928 Floyd Bradford Rd,535996.38
Net Operating Income,2928 Floyd Bradford Rd,-240450.18
Mortgage,2928 Floyd Bradford Rd,300582.23
Total for Other Income,2928 Floyd Bradford Rd,300582.23
Net Other Income,2928 Floyd Bradford Rd,300582.23
Net Income,2928 Floyd Bradford Rd,60132.04999999999
Sale of property,294 Heritage Dr,293571.03
Total for Income,294 Heritage Dr,293571.03
Gross Profit,294 Heritage Dr,293571.03
Cleaning services,294 Heritage Dr,700
Dumpsters,294 Heritage Dr,4813.44
Interest Payment,294 Heritage Dr,11026.12
Labor,294 Heritage Dr,50395.18
Materials,294 Heritage Dr,58364.95
Property Insurance,294 Heritage Dr,540
Property Purchase,294 Heritage Dr,43659.25
Staging and Interiors,294 Heritage Dr,3000
Third Party Vendors,294 Heritage Dr,40700
Utilities,294 Heritage Dr,3811.37
Total for Expenses,294 Heritage Dr,217010.31
Net Operating Income,294 Heritage Dr,76560.72000000003
Net Income,294 Heritage Dr,76560.72000000003
Sale of property,300 42nd Ave.,241021.87
Total for Income,300 42nd Ave.,241021.87
Gross Profit,300 42nd Ave.,241021.87
Admin Services,300 42nd Ave.,600
Labor,300 42nd Ave.,5400
Materials,300 42nd Ave.,1942.81
Photography,300 42nd Ave.,130
Property Purchase,300 42nd Ave.,210983.9
Third Party Vendors,300 42nd Ave.,3537.25
Total for Expenses,300 42nd Ave.,222593.96
Net Operating Income,300 42nd Ave.,18427.910000000003
Net Income,300 42nd Ave.,18427.910000000003
Sale of property,300 Huntsville Ave,102109.5
Total for Income,300 Huntsville Ave,102109.5
Gross Profit,300 Huntsville Ave,102109.5
Earnest money,300 Huntsville Ave,1000
Labor,300 Huntsville Ave,1250
Materials,300 Huntsville Ave,291.21
Property Purchase,300 Huntsville Ave,89398
Third Party Vendors,300 Huntsville Ave,1656.75
Utilities,300 Huntsville Ave,625.42
Total for Expenses,300 Huntsville Ave,94221.38
Net Operating Income,300 Huntsville Ave,7888.119999999995
Net Income,300 Huntsville Ave,7888.119999999995
Sale of property,3009 Virginia Dr,148722.12
Total for Income,3009 Virginia Dr,148722.12
Gross Profit,3009 Virginia Dr,148722.12
Dumpsters,3009 Virginia Dr,1465.82
Earnest money,3009 Virginia Dr,1000
Labor,3009 Virginia Dr,38200
Materials,3009 Virginia Dr,43245.48
Mortgage Payment,3009 Virginia Dr,3926.99
Permits,3009 Virginia Dr,1838
Property Insurance,3009 Virginia Dr,691.5
Property Purchase,3009 Virginia Dr,140938.73
Third Party Vendors,3009 Virginia Dr,25421.15
Utilities,3009 Virginia Dr,651.15
Total for Expenses,3009 Virginia Dr,257378.82
Net Operating Income,3009 Virginia Dr,-108656.70000000001
Mortgage,3009 Virginia Dr,112000
Total for Other Income,3009 Virginia Dr,112000
Net Other Income,3009 Virginia Dr,112000
Net Income,3009 Virginia Dr,3343.2999999999884
Sale of property,3012 2nd St,245061.52
Total for Income,3012 2nd St,245061.52
Gross Profit,3012 2nd St,245061.52
Cleaning services,3012 2nd St,350
Dumpsters,3012 2nd St,1603.39
Labor,3012 2nd St,36236.5
Materials,3012 2nd St,33943.13
Property Purchase,3012 2nd St,104819.08
Staging and Interiors,3012 2nd St,3700
Third Party Vendors,3012 2nd St,28638.88
Utilities,3012 2nd St,1142.11
Total for Expenses,3012 2nd St,210433.08999999997
Net Operating Income,3012 2nd St,34628.43000000002
Net Income,3012 2nd St,34628.43000000002
Sale of property,3018 Old Stone Dr,183099.01
Total for Income,3018 Old Stone Dr,183099.01
Gross Profit,3018 Old Stone Dr,183099.01
Cleaning services,3018 Old Stone Dr,400
Dumpsters,3018 Old Stone Dr,543.38
Interest Payment,3018 Old Stone Dr,3300
Labor,3018 Old Stone Dr,31550
Materials,3018 Old Stone Dr,22226.09
Property Purchase,3018 Old Stone Dr,8470.06
Third Party Vendors,3018 Old Stone Dr,14715.25
Utilities,3018 Old Stone Dr,793.84
Total for Expenses,3018 Old Stone Dr,81998.62
Net Operating Income,3018 Old Stone Dr,101100.39000000001
Net Income,3018 Old Stone Dr,101100.39000000001
Sale of property,3023 Massey Rd Unit F,68912.16
Total for Income,3023 Massey Rd Unit F,68912.16
Gross Profit,3023 Massey Rd Unit F,68912.16
Cleaning services,3023 Massey Rd Unit F,200
Employee Insurance,3023 Massey Rd Unit F,1641.94
HOA Fees,3023 Massey Rd Unit F,605.83
Interest Payment,3023 Massey Rd Unit F,4508.33
Labor,3023 Massey Rd Unit F,13645.05
Materials,3023 Massey Rd Unit F,10301.54
Property Insurance,3023 Massey Rd Unit F,400
Property Purchase,3023 Massey Rd Unit F,10794.69
Staging and Interiors,3023 Massey Rd Unit F,170.37
Third Party Vendors,3023 Massey Rd Unit F,10761.8
Utilities,3023 Massey Rd Unit F,541.86
Total for Expenses,3023 Massey Rd Unit F,53571.41
Net Operating Income,3023 Massey Rd Unit F,15340.75
Net Income,3023 Massey Rd Unit F,15340.75
Sale of property,3032 Tersea Dr.,223790.29
Total for Income,3032 Tersea Dr.,223790.29
Gross Profit,3032 Tersea Dr.,223790.29
Admin Services,3032 Tersea Dr.,300
Dumpsters,3032 Tersea Dr.,1909.62
Labor,3032 Tersea Dr.,27968.21
Materials,3032 Tersea Dr.,22915.04
Permits,3032 Tersea Dr.,1415
Property Purchase,3032 Tersea Dr.,133601.9
Third Party Vendors,3032 Tersea Dr.,12475
Total for Expenses,3032 Tersea Dr.,200584.77
Net Operating Income,3032 Tersea Dr.,23205.52000000002
Net Income,3032 Tersea Dr.,23205.52000000002
Sale of property,3050 Weatherford Dr,73120.87
Total for Income,3050 Weatherford Dr,73120.87
Gross Profit,3050 Weatherford Dr,73120.87
Closing Costs,3050 Weatherford Dr,676.25
Dumpsters,3050 Weatherford Dr,556.97
Interest Payment,3050 Weatherford Dr,4977.97
Labor,3050 Weatherford Dr,18270
Materials,3050 Weatherford Dr,8315.03
Third Party Vendors,3050 Weatherford Dr,4107.8
Total for Expenses,3050 Weatherford Dr,36904.020000000004
Net Operating Income,3050 Weatherford Dr,36216.84999999999
Net Income,3050 Weatherford Dr,36216.84999999999
Cleaning services,308 Killough Dr,220
Dumpsters,308 Killough Dr,2540.57
Earnest money,308 Killough Dr,5000
Interest Payment,308 Killough Dr,5194.3
Labor,308 Killough Dr,45700
Materials,308 Killough Dr,60207.35
Property Insurance,308 Killough Dr,1078.47
Property Purchase,308 Killough Dr,643.13
Third Party Vendors,308 Killough Dr,23561
Utilities,308 Killough Dr,1073.05
Total for Expenses,308 Killough Dr,145217.87
Net Operating Income,308 Killough Dr,-145217.87
Net Income,308 Killough Dr,-145217.87
Sale of property,308 Willow Glen ct,252064.5
Total for Income,308 Willow Glen ct,252064.5
Gross Profit,308 Willow Glen ct,252064.5
Admin Services,308 Willow Glen ct,300
Dumpsters,308 Willow Glen ct,2020.9
Earnest money,308 Willow Glen ct,5000
Labor,308 Willow Glen ct,38820.81
Materials,308 Willow Glen ct,22634.68
Permits,308 Willow Glen ct,1554
Property Purchase,308 Willow Glen ct,113862.6
Third Party Vendors,308 Willow Glen ct,21957.57
Total for Expenses,308 Willow Glen ct,206150.56
Net Operating Income,308 Willow Glen ct,45913.94
Net Income,308 Willow Glen ct,45913.94
Sale of property,309 Gemini Cir,122598.39
Total for Income,309 Gemini Cir,122598.39
Gross Profit,309 Gemini Cir,122598.39
Property Purchase,309 Gemini Cir,116041.46
Total for Expenses,309 Gemini Cir,116041.46
Net Operating Income,309 Gemini Cir,6556.929999999993
Net Income,309 Gemini Cir,6556.929999999993
Third Party Vendors,31 Simmons Street,1045
Total for Expenses,31 Simmons Street,1045
Net Operating Income,31 Simmons Street,-1045
Net Income,31 Simmons Street,-1045
Sale of property,312 Lehigh Rd,220353.18
Total for Income,312 Lehigh Rd,220353.18
Gross Profit,312 Lehigh Rd,220353.18
Dumpsters,312 Lehigh Rd,4896.73
Labor,312 Lehigh Rd,36925
Materials,312 Lehigh Rd,46713.18
Property Purchase,312 Lehigh Rd,48361.54
Third Party Vendors,312 Lehigh Rd,31402.4
Utilities,312 Lehigh Rd,1557.98
Total for Expenses,312 Lehigh Rd,169856.83000000002
Net Operating Income,312 Lehigh Rd,50496.34999999998
Net Income,312 Lehigh Rd,50496.34999999998
Sale of property,312 Orchid Rd,153691.35
Total for Income,312 Orchid Rd,153691.35
Gross Profit,312 Orchid Rd,153691.35
Cleaning services,312 Orchid Rd,170
Dumpsters,312 Orchid Rd,1918.89
Interest Payment,312 Orchid Rd,1567.58
Labor,312 Orchid Rd,31292
Materials,312 Orchid Rd,23423.99
Property Purchase,312 Orchid Rd,15666.25
Third Party Vendors,312 Orchid Rd,13096.84
Utilities,312 Orchid Rd,769.68
Total for Expenses,312 Orchid Rd,87905.23
Net Operating Income,312 Orchid Rd,65786.12000000001
Net Income,312 Orchid Rd,65786.12000000001
Sale of property,316 Gemini Cir,149000.62
Total for Income,316 Gemini Cir,149000.62
Gross Profit,316 Gemini Cir,149000.62
Dumpsters,316 Gemini Cir,2677.5
Interest Payment,316 Gemini Cir,2101.11
Labor,316 Gemini Cir,27030
Materials,316 Gemini Cir,24665.16
Permits,316 Gemini Cir,1979
Property Insurance,316 Gemini Cir,788.67
Property Purchase,316 Gemini Cir,22047.47
Third Party Vendors,316 Gemini Cir,14379.29
Utilities,316 Gemini Cir,1242.27
Total for Expenses,316 Gemini Cir,96910.47000000002
Net Operating Income,316 Gemini Cir,52090.14999999998
Net Income,316 Gemini Cir,52090.14999999998
Cleaning services,316 Willow Glen Ct,425
Dumpsters,316 Willow Glen Ct,1682.96
Interest Payment,316 Willow Glen Ct,12250
Labor,316 Willow Glen Ct,27200
Materials,316 Willow Glen Ct,25357.26
Property Purchase,316 Willow Glen Ct,173449.05
Staging and Interiors,316 Willow Glen Ct,3650
Third Party Vendors,316 Willow Glen Ct,16686.59
Utilities,316 Willow Glen Ct,1666.24
Total for Expenses,316 Willow Glen Ct,262367.1
Net Operating Income,316 Willow Glen Ct,-262367.1
Mortgage,316 Willow Glen Ct,175000
Total for Other Income,316 Willow Glen Ct,175000
Net Other Income,316 Willow Glen Ct,175000
Net Income,316 Willow Glen Ct,-87367.09999999998
Interest Payment,3215 Fortner Ln,1523.3
Labor,3215 Fortner Ln,4500
Materials,3215 Fortner Ln,8580.99
Property Insurance,3215 Fortner Ln,1051.56
Property Purchase,3215 Fortner Ln,31442.78
Third Party Vendors,3215 Fortner Ln,725
Utilities,3215 Fortner Ln,470.32
Total for Expenses,3215 Fortner Ln,48293.95
Net Operating Income,3215 Fortner Ln,-48293.95
Net Income,3215 Fortner Ln,-48293.95
Interest Payment,322 Cherokee Drive,3266.66
Labor,322 Cherokee Drive,1450
Total for Expenses,322 Cherokee Drive,4716.66
Net Operating Income,322 Cherokee Drive,-4716.66
Net Income,322 Cherokee Drive,-4716.66
Sale of property,322 Cherokee Dr.,190586.29
Total for Income,322 Cherokee Dr.,190586.29
Gross Profit,322 Cherokee Dr.,190586.29
Dumpsters,322 Cherokee Dr.,4326.85
Interest Payment,322 Cherokee Dr.,4066.66
Labor,322 Cherokee Dr.,51551
Materials,322 Cherokee Dr.,66651.69
Reimbursment,322 Cherokee Dr.,142
Storage,322 Cherokee Dr.,414.9
Third Party Vendors,322 Cherokee Dr.,11543.1
Total for Expenses,322 Cherokee Dr.,138696.2
Net Operating Income,322 Cherokee Dr.,51890.09
Net Income,322 Cherokee Dr.,51890.09
Sale of property,Total for 322 Cherokee Drive,190586.29
Total for Income,Total for 322 Cherokee Drive,190586.29
Gross Profit,Total for 322 Cherokee Drive,190586.29
Dumpsters,Total for 322 Cherokee Drive,4326.85
Interest Payment,Total for 322 Cherokee Drive,7333.32
Labor,Total for 322 Cherokee Drive,53001
Materials,Total for 322 Cherokee Drive,66651.69
Reimbursment,Total for 322 Cherokee Drive,142
Storage,Total for 322 Cherokee Drive,414.9
Third Party Vendors,Total for 322 Cherokee Drive,11543.1
Total for Expenses,Total for 322 Cherokee Drive,143412.86000000002
Net Operating Income,Total for 322 Cherokee Drive,47173.42999999999
Net Income,Total for 322 Cherokee Drive,47173.42999999999
Sale of property,324 4th St. N,113631.22
Total for Income,324 4th St. N,113631.22
Gross Profit,324 4th St. N,113631.22
Dumpsters,324 4th St. N,1360.28
Earnest money,324 4th St. N,2500
Interest Payment,324 4th St. N,6291.65
Labor,324 4th St. N,24675
Materials,324 4th St. N,23302.88
Permits,324 4th St. N,1100
Property Purchase,324 4th St. N,151000
Third Party Vendors,324 4th St. N,26512.55
Utilities,324 4th St. N,31.77
Total for Expenses,324 4th St. N,236774.12999999998
Net Operating Income,324 4th St. N,-123142.90999999997
Mortgage,324 4th St. N,151000
Total for Other Income,324 4th St. N,151000
Net Other Income,324 4th St. N,151000
Net Income,324 4th St. N,27857.090000000026
Sale of property,3249 Wagon Gap Trail,205171.3
Total for Income,3249 Wagon Gap Trail,205171.3
Gross Profit,3249 Wagon Gap Trail,205171.3
Cleaning services,3249 Wagon Gap Trail,380
Dumpsters,3249 Wagon Gap Trail,2071.17
Interest Payment,3249 Wagon Gap Trail,36583.33
Labor,3249 Wagon Gap Trail,36380
Materials,3249 Wagon Gap Trail,29574.04
Property Insurance,3249 Wagon Gap Trail,8412.3
Property Purchase,3249 Wagon Gap Trail,46981.08
Referal Fee,3249 Wagon Gap Trail,2000
Staging and Interiors,3249 Wagon Gap Trail,3000
Third Party Vendors,3249 Wagon Gap Trail,21392.34
Utilities,3249 Wagon Gap Trail,1668.54
Total for Expenses,3249 Wagon Gap Trail,188442.80000000002
Net Operating Income,3249 Wagon Gap Trail,16728.49999999997
Net Income,3249 Wagon Gap Trail,16728.49999999997
Sale of property,333 Orchid Rd,18175
Total for Income,333 Orchid Rd,18175
Gross Profit,333 Orchid Rd,18175
Dumpsters,333 Orchid Rd,505.68
Reimbursment,333 Orchid Rd,-59183
Third Party Vendors,333 Orchid Rd,1373
Total for Expenses,333 Orchid Rd,-57304.32
Net Operating Income,333 Orchid Rd,75479.32
Net Income,333 Orchid Rd,75479.32
Cleaning services,3348 Overton Rd,707.5
Dumpsters,3348 Overton Rd,2833.83
Interest Payment,3348 Overton Rd,46710.85
Labor,3348 Overton Rd,46980
Materials,3348 Overton Rd,55723.3
Property Purchase,3348 Overton Rd,83706.79
Staging and Interiors,3348 Overton Rd,3548.89
Tax payments,3348 Overton Rd,6704.29
Third Party Vendors,3348 Overton Rd,46606.41
Utilities,3348 Overton Rd,4118.05
Total for Expenses,3348 Overton Rd,297639.91
Net Operating Income,3348 Overton Rd,-297639.91
Net Income,3348 Overton Rd,-297639.91
Sale of property,335 Co Rd 1130,185838.2
Total for Income,335 Co Rd 1130,185838.2
Gross Profit,335 Co Rd 1130,185838.2
Cleaning services,335 Co Rd 1130,400
Labor,335 Co Rd 1130,17604
Materials,335 Co Rd 1130,17003.61
Property Purchase,335 Co Rd 1130,1030.37
Third Party Vendors,335 Co Rd 1130,14927.73
Utilities,335 Co Rd 1130,2149.99
Total for Expenses,335 Co Rd 1130,53115.700000000004
Net Operating Income,335 Co Rd 1130,132722.5
Net Income,335 Co Rd 1130,132722.5
Sale of property,3372 Wood Drive Cir.,81286.91
Total for Income,3372 Wood Drive Cir.,81286.91
Gross Profit,3372 Wood Drive Cir.,81286.91
Dumpsters,3372 Wood Drive Cir.,932.15
Labor,3372 Wood Drive Cir.,19100
Materials,3372 Wood Drive Cir.,17512.82
Property Insurance,3372 Wood Drive Cir.,585
Third Party Vendors,3372 Wood Drive Cir.,8465.5
Total for Expenses,3372 Wood Drive Cir.,46595.47
Net Operating Income,3372 Wood Drive Cir.,34691.44
Net Income,3372 Wood Drive Cir.,34691.44
Sale of property,3409 Crosscreek Cir,47187.73
Total for Income,3409 Crosscreek Cir,47187.73
Gross Profit,3409 Crosscreek Cir,47187.73
Dumpsters,3409 Crosscreek Cir,1012.75
Labor,3409 Crosscreek Cir,17900
Materials,3409 Crosscreek Cir,16004.97
Third Party Vendors,3409 Crosscreek Cir,9845.3
Utilities,3409 Crosscreek Cir,440.94
Total for Expenses,3409 Crosscreek Cir,45203.96000000001
Net Operating Income,3409 Crosscreek Cir,1983.7699999999968
Net Income,3409 Crosscreek Cir,1983.7699999999968
Sale of property,3512 Nazha Cir,228030.39
Total for Income,3512 Nazha Cir,228030.39
Gross Profit,3512 Nazha Cir,228030.39
Closing Costs,3512 Nazha Cir,2838.35
Dumpsters,3512 Nazha Cir,3857.35
Interest Payment,3512 Nazha Cir,5458.33
Labor,3512 Nazha Cir,33385
Materials,3512 Nazha Cir,38277.92
Profit Share,3512 Nazha Cir,61991.57
Property Insurance,3512 Nazha Cir,1754
real estate expenses,3512 Nazha Cir,92.14
Third Party Vendors,3512 Nazha Cir,20006.5
Total for Expenses,3512 Nazha Cir,167661.16
Net Operating Income,3512 Nazha Cir,60369.23000000001
Net Income,3512 Nazha Cir,60369.23000000001
Sale of property,3535 Deerfield Dr,173499.43
Total for Income,3535 Deerfield Dr,173499.43
Gross Profit,3535 Deerfield Dr,173499.43
Cleaning services,3535 Deerfield Dr,350
Dumpsters,3535 Deerfield Dr,2403.76
Interest Payment,3535 Deerfield Dr,7500
Labor,3535 Deerfield Dr,31000
Materials,3535 Deerfield Dr,30589.46
Property Purchase,3535 Deerfield Dr,22187.63
Third Party Vendors,3535 Deerfield Dr,27169.28
Utilities,3535 Deerfield Dr,881.13
Total for Expenses,3535 Deerfield Dr,122081.26000000001
Net Operating Income,3535 Deerfield Dr,51418.169999999984
Net Income,3535 Deerfield Dr,51418.169999999984
Sale of property,354 Highland Park Dr.,354117.66
Total for Income,354 Highland Park Dr.,354117.66
Gross Profit,354 Highland Park Dr.,354117.66
Cleaning services,354 Highland Park Dr.,800
Dumpsters,354 Highland Park Dr.,3060.77
Earnest money,354 Highland Park Dr.,5000
HOA Fees,354 Highland Park Dr.,2344.87
Interest Payment,354 Highland Park Dr.,30000.24
Labor,354 Highland Park Dr.,52680
Materials,354 Highland Park Dr.,55364.34
Property Purchase,354 Highland Park Dr.,93639.6
Third Party Vendors,354 Highland Park Dr.,54335.7
Utilities,354 Highland Park Dr.,2512.04
Total for Expenses,354 Highland Park Dr.,299737.56
Net Operating Income,354 Highland Park Dr.,54380.09999999998
Net Income,354 Highland Park Dr.,54380.09999999998
Sale of property,3618 Haven View Cir,81185.68
Total for Income,3618 Haven View Cir,81185.68
Gross Profit,3618 Haven View Cir,81185.68
Cleaning services,3618 Haven View Cir,200
HOA Fees,3618 Haven View Cir,6951.84
Interest Payment,3618 Haven View Cir,10000
Labor,3618 Haven View Cir,21900
Materials,3618 Haven View Cir,22346.52
Permits,3618 Haven View Cir,3074
Property Insurance,3618 Haven View Cir,1187
Staging and Interiors,3618 Haven View Cir,3000
Third Party Vendors,3618 Haven View Cir,16941
Utilities,3618 Haven View Cir,1275.74
Total for Expenses,3618 Haven View Cir,86876.1
Net Operating Income,3618 Haven View Cir,-5690.420000000013
Net Income,3618 Haven View Cir,-5690.420000000013
Interest Payment,380 Myrick Rd,5149.44
Labor,380 Myrick Rd,20800
Materials,380 Myrick Rd,16247.77
Property Insurance,380 Myrick Rd,1261.67
Property Purchase,380 Myrick Rd,67393.94
Third Party Vendors,380 Myrick Rd,16047
Utilities,380 Myrick Rd,1120.91
Total for Expenses,380 Myrick Rd,128020.73000000001
Net Operating Income,380 Myrick Rd,-128020.73000000001
Net Income,380 Myrick Rd,-128020.73000000001
Dumpsters,3834 Highway 11,892.5
Labor,3834 Highway 11,34740
Materials,3834 Highway 11,54065.17
Permits,3834 Highway 11,1836.91
Property Purchase,3834 Highway 11,106341.14
Third Party Vendors,3834 Highway 11,32414.41
Utilities,3834 Highway 11,385.4
Total for Expenses,3834 Highway 11,230675.53
Net Operating Income,3834 Highway 11,-230675.53
Net Income,3834 Highway 11,-230675.53
Sale of property,3845 Nowlin Rd SW,349492.76
Total for Income,3845 Nowlin Rd SW,349492.76
Gross Profit,3845 Nowlin Rd SW,349492.76
Dumpsters,3845 Nowlin Rd SW,1879.05
Labor,3845 Nowlin Rd SW,37500
Materials,3845 Nowlin Rd SW,37014.39
Property Purchase,3845 Nowlin Rd SW,220934.26
Third Party Vendors,3845 Nowlin Rd SW,14436.6
Utilities,3845 Nowlin Rd SW,200.15
Total for Expenses,3845 Nowlin Rd SW,311964.45
Net Operating Income,3845 Nowlin Rd SW,37528.31
Net Income,3845 Nowlin Rd SW,37528.31
Sale of property,39 Polly Ridge Rd,135455.51
Total for Income,39 Polly Ridge Rd,135455.51
Gross Profit,39 Polly Ridge Rd,135455.51
Admin Services,39 Polly Ridge Rd,600
Dumpsters,39 Polly Ridge Rd,556.97
Labor,39 Polly Ridge Rd,25326
Materials,39 Polly Ridge Rd,25130.75
Property Purchase,39 Polly Ridge Rd,35629.31
Third Party Vendors,39 Polly Ridge Rd,8432
Total for Expenses,39 Polly Ridge Rd,95675.03
Net Operating Income,39 Polly Ridge Rd,39780.48000000001
Net Income,39 Polly Ridge Rd,39780.48000000001
Sale of property,3926 Valley Bend Dr.,130655.32
Total for Income,3926 Valley Bend Dr.,130655.32
Gross Profit,3926 Valley Bend Dr.,130655.32
Closing Costs,3926 Valley Bend Dr.,745.02
Dumpsters,3926 Valley Bend Dr.,2921.21
Interest Payment,3926 Valley Bend Dr.,3600
Labor,3926 Valley Bend Dr.,31567
Materials,3926 Valley Bend Dr.,22240.41
Profit Share,3926 Valley Bend Dr.,22330.1
Property Insurance,3926 Valley Bend Dr.,1165
Property Purchase,3926 Valley Bend Dr.,20000
Referal Fee,3926 Valley Bend Dr.,3500
Third Party Vendors,3926 Valley Bend Dr.,9913.49
Total for Expenses,3926 Valley Bend Dr.,117982.23
Net Operating Income,3926 Valley Bend Dr.,12673.090000000011
Net Income,3926 Valley Bend Dr.,12673.090000000011
Sale of property,396 Union Station Way,204743.81
Total for Income,396 Union Station Way,204743.81
Gross Profit,396 Union Station Way,204743.81
Admin Services,396 Union Station Way,300
Dumpsters,396 Union Station Way,940.68
Earnest money,396 Union Station Way,1000
Labor,396 Union Station Way,17361.96
Materials,396 Union Station Way,3935.52
Permits,396 Union Station Way,633.24
Property Purchase,396 Union Station Way,140472.55
Third Party Vendors,396 Union Station Way,3272.78
Total for Expenses,396 Union Station Way,167916.72999999998
Net Operating Income,396 Union Station Way,36827.080000000016
Net Income,396 Union Station Way,36827.080000000016
Sale of property,40 Clearview Rd,184470.62
Total for Income,40 Clearview Rd,184470.62
Gross Profit,40 Clearview Rd,184470.62
Dumpsters,40 Clearview Rd,1465.82
Labor,40 Clearview Rd,16775
Materials,40 Clearview Rd,10876.14
Property Purchase,40 Clearview Rd,126177.31
Third Party Vendors,40 Clearview Rd,9026
Total for Expenses,40 Clearview Rd,164320.27
Net Operating Income,40 Clearview Rd,20150.350000000006
Net Income,40 Clearview Rd,20150.350000000006
Sale of property,4004 Saddle Run Cir,106703.91
Total for Income,4004 Saddle Run Cir,106703.91
Gross Profit,4004 Saddle Run Cir,106703.91
Closing Costs,4004 Saddle Run Cir,762.5
Dumpsters,4004 Saddle Run Cir,2483.9
Earnest money,4004 Saddle Run Cir,1000
Labor,4004 Saddle Run Cir,23000
Materials,4004 Saddle Run Cir,13992.56
Third Party Vendors,4004 Saddle Run Cir,12478.6
Total for Expenses,4004 Saddle Run Cir,53717.56
Net Operating Income,4004 Saddle Run Cir,52986.350000000006
Mortgage,4004 Saddle Run Cir,145000
Total for Other Income,4004 Saddle Run Cir,145000
Net Other Income,4004 Saddle Run Cir,145000
Net Income,4004 Saddle Run Cir,197986.35
Sale of property,4032 Middle Ave,88443.43
Total for Income,4032 Middle Ave,88443.43
Gross Profit,4032 Middle Ave,88443.43
Cleaning services,4032 Middle Ave,150
Dumpsters,4032 Middle Ave,1925.71
Earnest money,4032 Middle Ave,2000
Interest Payment,4032 Middle Ave,2745.16
Labor,4032 Middle Ave,23825
Materials,4032 Middle Ave,19974.36
Office Supplies,4032 Middle Ave,837.08
Third Party Vendors,4032 Middle Ave,10977.4
Total for Expenses,4032 Middle Ave,62434.71
Net Operating Income,4032 Middle Ave,26008.719999999994
Net Income,4032 Middle Ave,26008.719999999994
Sale of property,4038 Ida Ln,169690.97
Total for Income,4038 Ida Ln,169690.97
Gross Profit,4038 Ida Ln,169690.97
Cleaning services,4038 Ida Ln,275
Dumpsters,4038 Ida Ln,1291.3
Interest Payment,4038 Ida Ln,8929.72
Labor,4038 Ida Ln,18975
Materials,4038 Ida Ln,11341.01
Property Insurance,4038 Ida Ln,1812.29
Property Purchase,4038 Ida Ln,88739.2
Staging and Interiors,4038 Ida Ln,3500
Third Party Vendors,4038 Ida Ln,7484
Utilities,4038 Ida Ln,1147.33
Total for Expenses,4038 Ida Ln,143494.84999999998
Net Operating Income,4038 Ida Ln,26196.120000000024
Net Income,4038 Ida Ln,26196.120000000024
Cleaning services,4042 Jubille ln,175
Dumpsters,4042 Jubille ln,1012.75
Labor,4042 Jubille ln,11600
Materials,4042 Jubille ln,6182.33
Third Party Vendors,4042 Jubille ln,6669.4
Total for Expenses,4042 Jubille ln,25639.480000000003
Net Operating Income,4042 Jubille ln,-25639.480000000003
Net Income,4042 Jubille ln,-25639.480000000003
Sales (deleted),405 Art Hanes Blvd,222063.64
Total for Income,405 Art Hanes Blvd,222063.64
Gross Profit,405 Art Hanes Blvd,222063.64
Dumpsters,405 Art Hanes Blvd,1522.6
Labor,405 Art Hanes Blvd,44530
Materials,405 Art Hanes Blvd,46963.16
Third Party Vendors,405 Art Hanes Blvd,50139.2
Total for Expenses,405 Art Hanes Blvd,143154.96000000002
Net Operating Income,405 Art Hanes Blvd,78908.68
Net Income,405 Art Hanes Blvd,78908.68
Sale of property,411 Woodward Rd.,208123.6
Total for Income,411 Woodward Rd.,208123.6
Gross Profit,411 Woodward Rd.,208123.6
Admin Services,411 Woodward Rd.,300
Cleaning services,411 Woodward Rd.,290
Closing Costs,411 Woodward Rd.,4655
Dumpsters,411 Woodward Rd.,4192.25
Interest Payment,411 Woodward Rd.,8750.01
Labor,411 Woodward Rd.,46400
Materials,411 Woodward Rd.,40019.5
Photography,411 Woodward Rd.,130
Referal Fee,411 Woodward Rd.,20000
Third Party Vendors,411 Woodward Rd.,44373.11
Total for Expenses,411 Woodward Rd.,169109.87
Net Operating Income,411 Woodward Rd.,39013.73000000001
Net Income,411 Woodward Rd.,39013.73000000001
Sale of property,413 Popler Ridge,83158.08
Total for Income,413 Popler Ridge,83158.08
Gross Profit,413 Popler Ridge,83158.08
Admin Services,413 Popler Ridge,300
Closing Costs,413 Popler Ridge,46478.04
Earnest money,413 Popler Ridge,2000
Labor,413 Popler Ridge,300
Materials,413 Popler Ridge,666.81
Total for Expenses,413 Popler Ridge,49744.85
Net Operating Income,413 Popler Ridge,33413.23
Net Income,413 Popler Ridge,33413.23
Automobile Expense,424 Co Rd 3150,410.65
Earnest money,424 Co Rd 3150,10000
Interest Payment,424 Co Rd 3150,4233.33
Labor,424 Co Rd 3150,162924.43
Materials,424 Co Rd 3150,149246.42
Professional Fees,424 Co Rd 3150,650
Property taxes,424 Co Rd 3150,3316.04
Third Party Vendors,424 Co Rd 3150,59856.63
Utilities,424 Co Rd 3150,3542.98
Total for Expenses,424 Co Rd 3150,394180.48
Net Operating Income,424 Co Rd 3150,-394180.48
Mortgage,424 Co Rd 3150,185000
Total for Other Income,424 Co Rd 3150,185000
Net Other Income,424 Co Rd 3150,185000
Net Income,424 Co Rd 3150,-209180.47999999998
Materials,4248 Milner Rd E,2746.92
Total for Expenses,4248 Milner Rd E,2746.92
Net Operating Income,4248 Milner Rd E,-2746.92
Net Income,4248 Milner Rd E,-2746.92
Dumpsters,4320 Corinth Dr,3019.8
Earnest money,4320 Corinth Dr,10000
Interest Payment,4320 Corinth Dr,2669.44
Labor,4320 Corinth Dr,8500
Materials,4320 Corinth Dr,37357.06
Permits,4320 Corinth Dr,2450
Property Insurance,4320 Corinth Dr,950.65
Property Purchase,4320 Corinth Dr,445399.45
Staging and Interiors,4320 Corinth Dr,2500
Utilities,4320 Corinth Dr,1138.63
Total for Expenses,4320 Corinth Dr,513985.03
Net Operating Income,4320 Corinth Dr,-513985.03
Net Income,4320 Corinth Dr,-513985.03
Sale of property,4358 Oak St,79672.71
Total for Income,4358 Oak St,79672.71
Gross Profit,4358 Oak St,79672.71
Cleaning services,4358 Oak St,250
Dumpsters,4358 Oak St,3626.11
Interest Payment,4358 Oak St,650
Labor,4358 Oak St,37065.56
Materials,4358 Oak St,35753.37
Referal Fee,4358 Oak St,6000
Third Party Vendors,4358 Oak St,19036.1
Utilities,4358 Oak St,892.97
Total for Expenses,4358 Oak St,103274.11000000002
Net Operating Income,4358 Oak St,-23601.40000000001
Net Income,4358 Oak St,-23601.40000000001
Dumpsters,440 Woodland Ct NE,892.5
Interest Payment,440 Woodland Ct NE,1742.88
Labor,440 Woodland Ct NE,22000
Materials,440 Woodland Ct NE,21028.72
Permits,440 Woodland Ct NE,3407
Property Insurance,440 Woodland Ct NE,633.42
Property Purchase,440 Woodland Ct NE,24136.25
Third Party Vendors,440 Woodland Ct NE,5547
Utilities,440 Woodland Ct NE,624.23
Total for Expenses,440 Woodland Ct NE,80012
Net Operating Income,440 Woodland Ct NE,-80012
Net Income,440 Woodland Ct NE,-80012
Sale of property,4433 Woodland Hills,219957.42
Total for Income,4433 Woodland Hills,219957.42
Gross Profit,4433 Woodland Hills,219957.42
Admin Services,4433 Woodland Hills,330
Dumpsters,4433 Woodland Hills,2557.97
Earnest money,4433 Woodland Hills,1000
Interest Payment,4433 Woodland Hills,8266.72
Labor,4433 Woodland Hills,52565
Materials,4433 Woodland Hills,38144.36
Third Party Vendors,4433 Woodland Hills,24546
Total for Expenses,4433 Woodland Hills,127410.05
Net Operating Income,4433 Woodland Hills,92547.37000000001
Net Income,4433 Woodland Hills,92547.37000000001
Sale of property,445 Annie Lee Rd,135994.07
Total for Income,445 Annie Lee Rd,135994.07
Gross Profit,445 Annie Lee Rd,135994.07
Closing Costs,445 Annie Lee Rd,23249.23
Dumpsters,445 Annie Lee Rd,2203.07
Interest Payment,445 Annie Lee Rd,2588.75
Labor,445 Annie Lee Rd,17350
Materials,445 Annie Lee Rd,13804.91
Third Party Vendors,445 Annie Lee Rd,19240.92
Utilities,445 Annie Lee Rd,278.83
Total for Expenses,445 Annie Lee Rd,78715.71
Net Operating Income,445 Annie Lee Rd,57278.36
Net Income,445 Annie Lee Rd,57278.36
Sale of property,4461 Parkwood Cir,174091.1
Total for Income,4461 Parkwood Cir,174091.1
Gross Profit,4461 Parkwood Cir,174091.1
Cleaning services,4461 Parkwood Cir,200
Dumpsters,4461 Parkwood Cir,1141.85
Interest Payment,4461 Parkwood Cir,2835.63
Labor,4461 Parkwood Cir,21080
Materials,4461 Parkwood Cir,29268.32
Property Insurance,4461 Parkwood Cir,1104.35
Property Purchase,4461 Parkwood Cir,40515.65
Staging and Interiors,4461 Parkwood Cir,3650
Third Party Vendors,4461 Parkwood Cir,9404.26
Utilities,4461 Parkwood Cir,660.49
Total for Expenses,4461 Parkwood Cir,109860.55
Net Operating Income,4461 Parkwood Cir,64230.55
Net Income,4461 Parkwood Cir,64230.55
Sale of property,45 Ridgefield Ln,299526.9
Total for Income,45 Ridgefield Ln,299526.9
Gross Profit,45 Ridgefield Ln,299526.9
Cleaning services,45 Ridgefield Ln,275
Labor,45 Ridgefield Ln,6900
Materials,45 Ridgefield Ln,3326.18
Property Purchase,45 Ridgefield Ln,231239.4
Third Party Vendors,45 Ridgefield Ln,125
Total for Expenses,45 Ridgefield Ln,241865.58
Net Operating Income,45 Ridgefield Ln,57661.320000000036
Net Income,45 Ridgefield Ln,57661.320000000036
Dumpsters,450 Doss Ferry Pkwy,446.25
Labor,450 Doss Ferry Pkwy,5980
Materials,450 Doss Ferry Pkwy,1855.68
Third Party Vendors,450 Doss Ferry Pkwy,1129
Total for Expenses,450 Doss Ferry Pkwy,9410.93
Net Operating Income,450 Doss Ferry Pkwy,-9410.93
Net Income,450 Doss Ferry Pkwy,-9410.93
Sale of property,4533 Oak Dr,104820.34
Total for Income,4533 Oak Dr,104820.34
Gross Profit,4533 Oak Dr,104820.34
Cleaning services,4533 Oak Dr,300
Closing Costs,4533 Oak Dr,1053.56
Dumpsters,4533 Oak Dr,2186.25
Interest Payment,4533 Oak Dr,5687.5
Labor,4533 Oak Dr,29827.66
Materials,4533 Oak Dr,26522.65
Third Party Vendors,4533 Oak Dr,9462.55
Utilities,4533 Oak Dr,1409.06
Total for Expenses,4533 Oak Dr,76449.23
Net Operating Income,4533 Oak Dr,28371.11
Net Income,4533 Oak Dr,28371.11
Labor,4545 Shocco Springs Rd,4500
Materials,4545 Shocco Springs Rd,1941.86
Property Purchase,4545 Shocco Springs Rd,131552.94
Third Party Vendors,4545 Shocco Springs Rd,7876
Utilities,4545 Shocco Springs Rd,914.05
Total for Expenses,4545 Shocco Springs Rd,146784.84999999998
Net Operating Income,4545 Shocco Springs Rd,-146784.84999999998
Net Income,4545 Shocco Springs Rd,-146784.84999999998
Earnest money,4624 Fairfax Ct.,1000
Total for Expenses,4624 Fairfax Ct.,1000
Net Operating Income,4624 Fairfax Ct.,-1000
Net Income,4624 Fairfax Ct.,-1000
Sale of property,4652 Clairmont Ave,343946.79
Total for Income,4652 Clairmont Ave,343946.79
Gross Profit,4652 Clairmont Ave,343946.79
Dumpsters,4652 Clairmont Ave,1840
Labor,4652 Clairmont Ave,25400
Materials,4652 Clairmont Ave,28472.74
Permits,4652 Clairmont Ave,1775
Property Purchase,4652 Clairmont Ave,229134.94
Third Party Vendors,4652 Clairmont Ave,42595.36
Total for Expenses,4652 Clairmont Ave,329218.04
Net Operating Income,4652 Clairmont Ave,14728.75
Net Income,4652 Clairmont Ave,14728.75
Cleaning services,4793 Longmeadow Dr,200
Dumpsters,4793 Longmeadow Dr,682.5
Interest Payment,4793 Longmeadow Dr,3389.33
Labor,4793 Longmeadow Dr,3765
Materials,4793 Longmeadow Dr,8137.36
Property Insurance,4793 Longmeadow Dr,675.86
Property Purchase,4793 Longmeadow Dr,34279.15
Third Party Vendors,4793 Longmeadow Dr,2759
Utilities,4793 Longmeadow Dr,1092.97
Total for Expenses,4793 Longmeadow Dr,54981.17
Net Operating Income,4793 Longmeadow Dr,-54981.17
Net Income,4793 Longmeadow Dr,-54981.17
Sale of property,4924 Branch Mill Cir,828388.21
Total for Income,4924 Branch Mill Cir,828388.21
Gross Profit,4924 Branch Mill Cir,828388.21
Cleaning services,4924 Branch Mill Cir,537.5
Dumpsters,4924 Branch Mill Cir,4847.89
Interest Payment,4924 Branch Mill Cir,28252.77
Labor,4924 Branch Mill Cir,84737
Materials,4924 Branch Mill Cir,145890.92
Professional Fees,4924 Branch Mill Cir,2500
Property Insurance,4924 Branch Mill Cir,-78.82
Property Purchase,4924 Branch Mill Cir,172657.56
Staging and Interiors,4924 Branch Mill Cir,3900
Third Party Vendors,4924 Branch Mill Cir,75322.72
Utilities,4924 Branch Mill Cir,2225.92
Total for Expenses,4924 Branch Mill Cir,520793.46
Net Operating Income,4924 Branch Mill Cir,307594.74999999994
Net Income,4924 Branch Mill Cir,307594.74999999994
Interest Payment,496 Springdale Rd.,3333.55
Labor,496 Springdale Rd.,9315
Materials,496 Springdale Rd.,6175.15
Third Party Vendors,496 Springdale Rd.,4767.5
Utilities,496 Springdale Rd.,407.64
Total for Expenses,496 Springdale Rd.,23998.839999999997
Net Operating Income,496 Springdale Rd.,-23998.839999999997
Net Income,496 Springdale Rd.,-23998.839999999997
Sale of property,500 Lance Way,158654.44
Total for Income,500 Lance Way,158654.44
Gross Profit,500 Lance Way,158654.44
Admin Services,500 Lance Way,300
Cleaning services,500 Lance Way,160
Dumpsters,500 Lance Way,1840.65
Labor,500 Lance Way,23729
Materials,500 Lance Way,21434.87
Photography,500 Lance Way,230
Property Insurance,500 Lance Way,1046
Property Purchase,500 Lance Way,169442.7
Third Party Vendors,500 Lance Way,21813.23
Total for Expenses,500 Lance Way,239996.45000000004
Net Operating Income,500 Lance Way,-81342.01000000004
Mortgage,500 Lance Way,168000
Total for Other Income,500 Lance Way,168000
Net Other Income,500 Lance Way,168000
Net Income,500 Lance Way,86657.98999999996
Dumpsters,501 Cheri Ln,1452.18
Labor,501 Cheri Ln,14150
Materials,501 Cheri Ln,8213.8
Property Purchase,501 Cheri Ln,40942.7
Third Party Vendors,501 Cheri Ln,5543.75
Utilities,501 Cheri Ln,175.29
Total for Expenses,501 Cheri Ln,70477.71999999999
Net Operating Income,501 Cheri Ln,-70477.71999999999
Net Income,501 Cheri Ln,-70477.71999999999
Sale of property,5013 knollview cir,163039.44
Total for Income,5013 knollview cir,163039.44
Gross Profit,5013 knollview cir,163039.44
Admin Services,5013 knollview cir,300
Cleaning services,5013 knollview cir,160
Dumpsters,5013 knollview cir,559.68
Earnest money,5013 knollview cir,3000
Interest Payment,5013 knollview cir,7350
Labor,5013 knollview cir,35500
Materials,5013 knollview cir,40192.24
Photography,5013 knollview cir,130
Third Party Vendors,5013 knollview cir,31493.6
Total for Expenses,5013 knollview cir,118685.51999999999
Net Operating Income,5013 knollview cir,44353.92000000001
Net Income,5013 knollview cir,44353.92000000001
Sale of property,5039 Vernon St,69701.45
Total for Income,5039 Vernon St,69701.45
Gross Profit,5039 Vernon St,69701.45
Dumpsters,5039 Vernon St,1465.82
Labor,5039 Vernon St,22350
Materials,5039 Vernon St,14500.17
Third Party Vendors,5039 Vernon St,9847.6
Utilities,5039 Vernon St,476.96
Total for Expenses,5039 Vernon St,48640.549999999996
Net Operating Income,5039 Vernon St,21060.9
Net Income,5039 Vernon St,21060.9
Sale of property,504 Lance Way,328867.73
Total for Income,504 Lance Way,328867.73
Gross Profit,504 Lance Way,328867.73
Dumpsters,504 Lance Way,4759.42
Labor,504 Lance Way,33760
Materials,504 Lance Way,22955.39
Photography,504 Lance Way,130
Property Purchase,504 Lance Way,186003.81
Referal Fee,504 Lance Way,2000
Third Party Vendors,504 Lance Way,44295.63
Total for Expenses,504 Lance Way,293904.25
Net Operating Income,504 Lance Way,34963.47999999998
Net Income,504 Lance Way,34963.47999999998
Cleaning services,505 Sunhill Rd,425
Dumpsters,505 Sunhill Rd,4928.28
Earnest money,505 Sunhill Rd,2000
Labor,505 Sunhill Rd,37850
Materials,505 Sunhill Rd,40122.28
Permits,505 Sunhill Rd,2510
Property Purchase,505 Sunhill Rd,-1456.36
Staging and Interiors,505 Sunhill Rd,3900
Third Party Vendors,505 Sunhill Rd,36242.2
Utilities,505 Sunhill Rd,1087.96
Total for Expenses,505 Sunhill Rd,127609.36
Net Operating Income,505 Sunhill Rd,-127609.36
Net Income,505 Sunhill Rd,-127609.36
Cleaning services,508 Tambay Dr,215
Dumpsters,508 Tambay Dr,1483.02
Inspection Fee,508 Tambay Dr,50
Interest Payment,508 Tambay Dr,7366.07
Labor,508 Tambay Dr,26300
Materials,508 Tambay Dr,29078.6
Permits,508 Tambay Dr,2229
Property Insurance,508 Tambay Dr,1378.62
Survey,508 Tambay Dr,750
Third Party Vendors,508 Tambay Dr,19399
Utilities,508 Tambay Dr,1028.33
Total for Expenses,508 Tambay Dr,89277.64
Net Operating Income,508 Tambay Dr,-89277.64
Net Income,508 Tambay Dr,-89277.64
Materials,508 Water Oak,5658.43
Total for Expenses,508 Water Oak,5658.43
Net Operating Income,508 Water Oak,-5658.43
Net Income,508 Water Oak,-5658.43
Sale of property,509 Lansdowne Pl,403085.46
Total for Income,509 Lansdowne Pl,403085.46
Gross Profit,509 Lansdowne Pl,403085.46
Admin Services,509 Lansdowne Pl,300
Labor,509 Lansdowne Pl,11200
Materials,509 Lansdowne Pl,8667.54
Photography,509 Lansdowne Pl,115
Property Purchase,509 Lansdowne Pl,321941.89
Third Party Vendors,509 Lansdowne Pl,4482.5
Total for Expenses,509 Lansdowne Pl,346706.93
Net Operating Income,509 Lansdowne Pl,56378.53000000003
Net Income,509 Lansdowne Pl,56378.53000000003
Sale of property,510 Bennett Dr.,75416.38
Total for Income,510 Bennett Dr.,75416.38
Gross Profit,510 Bennett Dr.,75416.38
Cleaning services,510 Bennett Dr.,180
Closing Costs,510 Bennett Dr.,662.58
Dumpsters,510 Bennett Dr.,1541.29
Labor,510 Bennett Dr.,24591
Materials,510 Bennett Dr.,16654.15
Third Party Vendors,510 Bennett Dr.,7151.1
Total for Expenses,510 Bennett Dr.,50780.12
Net Operating Income,510 Bennett Dr.,24636.260000000002
Net Income,510 Bennett Dr.,24636.260000000002
Sale of property,5100 Rick Dr.,146138.34
Total for Income,5100 Rick Dr.,146138.34
Gross Profit,5100 Rick Dr.,146138.34
Closing Costs,5100 Rick Dr.,1536.02
Property Purchase,5100 Rick Dr.,110000
Total for Expenses,5100 Rick Dr.,111536.02
Net Operating Income,5100 Rick Dr.,34602.31999999999
Net Income,5100 Rick Dr.,34602.31999999999
Materials,512 Academia,367.58
Total for Expenses,512 Academia,367.58
Net Operating Income,512 Academia,-367.58
Net Income,512 Academia,-367.58
Sale of property,5130 Briarwood Cir,86847.39
Total for Income,5130 Briarwood Cir,86847.39
Gross Profit,5130 Briarwood Cir,86847.39
Admin Services,5130 Briarwood Cir,250
Dumpsters,5130 Briarwood Cir,1359.6
Interest Payment,5130 Briarwood Cir,888.89
Labor,5130 Briarwood Cir,32252
Materials,5130 Briarwood Cir,8881.19
Photography,5130 Briarwood Cir,100
Property Insurance,5130 Briarwood Cir,1935
Property Purchase,5130 Briarwood Cir,110271.9
Third Party Vendors,5130 Briarwood Cir,6345.4
Total for Expenses,5130 Briarwood Cir,162283.97999999998
Net Operating Income,5130 Briarwood Cir,-75436.58999999998
Mortgage,5130 Briarwood Cir,124788.5
Total for Other Income,5130 Briarwood Cir,124788.5
Net Other Income,5130 Briarwood Cir,124788.5
Net Income,5130 Briarwood Cir,49351.91000000002
Sale of property,5136 Goldmar Dr,116915.22
Total for Income,5136 Goldmar Dr,116915.22
Gross Profit,5136 Goldmar Dr,116915.22
Dumpsters,5136 Goldmar Dr,1012.75
Earnest money,5136 Goldmar Dr,5000
Interest Payment,5136 Goldmar Dr,3605.77
Labor,5136 Goldmar Dr,25710
Materials,5136 Goldmar Dr,25839.72
Property Purchase,5136 Goldmar Dr,146036.98
Third Party Vendors,5136 Goldmar Dr,16925.5
Utilities,5136 Goldmar Dr,606.56
Total for Expenses,5136 Goldmar Dr,224737.28000000003
Net Operating Income,5136 Goldmar Dr,-107822.06000000003
Mortgage,5136 Goldmar Dr,120416
Total for Other Income,5136 Goldmar Dr,120416
Net Other Income,5136 Goldmar Dr,120416
Net Income,5136 Goldmar Dr,12593.939999999973
Interest Payment,515 Karey Dr,507.19
Labor,515 Karey Dr,9800
Materials,515 Karey Dr,22586.27
Permits,515 Karey Dr,2294
Property Insurance,515 Karey Dr,833.18
Property Purchase,515 Karey Dr,21170.88
Third Party Vendors,515 Karey Dr,8700
Utilities,515 Karey Dr,727.65
Total for Expenses,515 Karey Dr,66619.17
Net Operating Income,515 Karey Dr,-66619.17
Net Income,515 Karey Dr,-66619.17
Sale of property,5150 Hickory Dr NE,192014.12
Total for Income,5150 Hickory Dr NE,192014.12
Gross Profit,5150 Hickory Dr NE,192014.12
Cleaning services,5150 Hickory Dr NE,175
Labor,5150 Hickory Dr NE,14763.5
Materials,5150 Hickory Dr NE,12484.07
Property Purchase,5150 Hickory Dr NE,111085.76
Reinspection Fee,5150 Hickory Dr NE,150
Third Party Vendors,5150 Hickory Dr NE,15972.25
Utilities,5150 Hickory Dr NE,798.24
Total for Expenses,5150 Hickory Dr NE,155428.81999999998
Net Operating Income,5150 Hickory Dr NE,36585.30000000002
Net Income,5150 Hickory Dr NE,36585.30000000002
Sale of property,517 10th Ave.,156374.36
Total for Income,517 10th Ave.,156374.36
Gross Profit,517 10th Ave.,156374.36
Admin Services,517 10th Ave.,300
Cleaning services,517 10th Ave.,150
Dumpsters,517 10th Ave.,1009.61
Labor,517 10th Ave.,33313.7
Materials,517 10th Ave.,16025.06
Photography,517 10th Ave.,100
Property Purchase,517 10th Ave.,86475.67
Third Party Vendors,517 10th Ave.,10288.48
Total for Expenses,517 10th Ave.,147662.52
Net Operating Income,517 10th Ave.,8711.839999999997
Net Income,517 10th Ave.,8711.839999999997
Property Purchase,517 Kings Crest,365127.17
Third Party Vendors,517 Kings Crest,10825
Total for Expenses,517 Kings Crest,375952.17
Net Operating Income,517 Kings Crest,-375952.17
Mortgage,517 Kings Crest,292000
Total for Other Income,517 Kings Crest,292000
Net Other Income,517 Kings Crest,292000
Net Income,517 Kings Crest,-83952.16999999998
Sale of property,5201 Mike Dr.,141127.93
Total for Income,5201 Mike Dr.,141127.93
Gross Profit,5201 Mike Dr.,141127.93
Property Purchase,5201 Mike Dr.,136130.12
Total for Expenses,5201 Mike Dr.,136130.12
Net Operating Income,5201 Mike Dr.,4997.809999999998
Net Income,5201 Mike Dr.,4997.809999999998
Sale of property,521 Mountain Dr,130710.17
Total for Income,521 Mountain Dr,130710.17
Gross Profit,521 Mountain Dr,130710.17
Admin Services,521 Mountain Dr,300
Dumpsters,521 Mountain Dr,3921.94
Interest Payment,521 Mountain Dr,4166.68
Labor,521 Mountain Dr,41130.62
Materials,521 Mountain Dr,32857.23
Permits,521 Mountain Dr,1237.5
Third Party Vendors,521 Mountain Dr,47108.01
Total for Expenses,521 Mountain Dr,130721.98000000001
Net Operating Income,521 Mountain Dr,-11.810000000012224
Net Income,521 Mountain Dr,-11.810000000012224
Sale of property,5230 willow Ridge Dr,77499.98
Total for Income,5230 willow Ridge Dr,77499.98
Gross Profit,5230 willow Ridge Dr,77499.98
Dumpsters,5230 willow Ridge Dr,2491.63
Interest Payment,5230 willow Ridge Dr,800
Labor,5230 willow Ridge Dr,18420
Materials,5230 willow Ridge Dr,11450.06
Permits,5230 willow Ridge Dr,136.5
Photography,5230 willow Ridge Dr,100
Property Purchase,5230 willow Ridge Dr,115375.79
Third Party Vendors,5230 willow Ridge Dr,11278.1
Total for Expenses,5230 willow Ridge Dr,160052.08
Net Operating Income,5230 willow Ridge Dr,-82552.09999999999
Mortgage,5230 willow Ridge Dr,120000
Total for Other Income,5230 willow Ridge Dr,120000
Net Other Income,5230 willow Ridge Dr,120000
Net Income,5230 willow Ridge Dr,37447.90000000001
Sale of property,5239 Old Springville Rd,374232.85
Total for Income,5239 Old Springville Rd,374232.85
Gross Profit,5239 Old Springville Rd,374232.85
Earnest money,5239 Old Springville Rd,7500
Interest Payment,5239 Old Springville Rd,42150.6
Labor,5239 Old Springville Rd,7525
Materials,5239 Old Springville Rd,6589.26
Total for Expenses,5239 Old Springville Rd,63764.86
Net Operating Income,5239 Old Springville Rd,310467.99
Net Income,5239 Old Springville Rd,310467.99
Dumpsters,5245 Old Springville Rd,815.06
Materials,5245 Old Springville Rd,297.03
Total for Expenses,5245 Old Springville Rd,1112.09
Net Operating Income,5245 Old Springville Rd,-1112.09
Net Income,5245 Old Springville Rd,-1112.09
Sale of property,5278 Willow Ridge Ln,182671.06
Total for Income,5278 Willow Ridge Ln,182671.06
Gross Profit,5278 Willow Ridge Ln,182671.06
Dumpsters,5278 Willow Ridge Ln,2526.7
Labor,5278 Willow Ridge Ln,29236.5
Materials,5278 Willow Ridge Ln,20735.43
Property Purchase,5278 Willow Ridge Ln,120000
Third Party Vendors,5278 Willow Ridge Ln,4900.6
Utilities,5278 Willow Ridge Ln,1740.49
Total for Expenses,5278 Willow Ridge Ln,179139.72
Net Operating Income,5278 Willow Ridge Ln,3531.3399999999965
Mortgage,5278 Willow Ridge Ln,16327.37
Total for Other Income,5278 Willow Ridge Ln,16327.37
Net Other Income,5278 Willow Ridge Ln,16327.37
Net Income,5278 Willow Ridge Ln,19858.71
Sale of property,532 Hickory St,115723.35
Total for Income,532 Hickory St,115723.35
Gross Profit,532 Hickory St,115723.35
Cleaning services,532 Hickory St,200
Dumpsters,532 Hickory St,3297.56
Interest Payment,532 Hickory St,5669.64
Labor,532 Hickory St,29972.26
Materials,532 Hickory St,32381.06
Property Purchase,532 Hickory St,1531.89
Third Party Vendors,532 Hickory St,22703.9
Utilities,532 Hickory St,1073.67
Total for Expenses,532 Hickory St,96829.98
Net Operating Income,532 Hickory St,18893.37000000001
Net Income,532 Hickory St,18893.37000000001
Dumpsters,533 River Crest Way,630
Interest Payment,533 River Crest Way,4594.88
Labor,533 River Crest Way,10860
Materials,533 River Crest Way,10236.31
Property Insurance,533 River Crest Way,1224.41
Property Purchase,533 River Crest Way,61184.14
Third Party Vendors,533 River Crest Way,13524
Utilities,533 River Crest Way,937.12
Total for Expenses,533 River Crest Way,103190.86
Net Operating Income,533 River Crest Way,-103190.86
Net Income,533 River Crest Way,-103190.86
Sale of property,533 Rollingwood Rd,171715.15
Total for Income,533 Rollingwood Rd,171715.15
Gross Profit,533 Rollingwood Rd,171715.15
Dumpsters,533 Rollingwood Rd,4593.6
Labor,533 Rollingwood Rd,34240
Materials,533 Rollingwood Rd,27655.64
Property Purchase,533 Rollingwood Rd,45896.09
Third Party Vendors,533 Rollingwood Rd,16142
Total for Expenses,533 Rollingwood Rd,128527.32999999999
Net Operating Income,533 Rollingwood Rd,43187.82000000001
Net Income,533 Rollingwood Rd,43187.82000000001
Dumpsters,5337 Pine Needle Dr,594
Earnest money,5337 Pine Needle Dr,3000
Interest Payment,5337 Pine Needle Dr,2376.66
Labor,5337 Pine Needle Dr,11500
Materials,5337 Pine Needle Dr,10018.49
Property Insurance,5337 Pine Needle Dr,2029.64
Property Purchase,5337 Pine Needle Dr,90104.64
Third Party Vendors,5337 Pine Needle Dr,1250
Utilities,5337 Pine Needle Dr,915.15
Total for Expenses,5337 Pine Needle Dr,121788.57999999999
Net Operating Income,5337 Pine Needle Dr,-121788.57999999999
Net Income,5337 Pine Needle Dr,-121788.57999999999
Cleaning services,5364 Balboa Ave,420
Dumpsters,5364 Balboa Ave,1470
Interest Payment,5364 Balboa Ave,3600
Labor,5364 Balboa Ave,21500
Materials,5364 Balboa Ave,20673.09
Property Insurance,5364 Balboa Ave,582.71
Property Purchase,5364 Balboa Ave,4236.81
Third Party Vendors,5364 Balboa Ave,9040
Utilities,5364 Balboa Ave,491.91
Total for Expenses,5364 Balboa Ave,62014.52
Net Operating Income,5364 Balboa Ave,-62014.52
Net Income,5364 Balboa Ave,-62014.52
Labor,537 Fox Run,5950
Materials,537 Fox Run,4092.27
Third Party Vendors,537 Fox Run,4337.4
Total for Expenses,537 Fox Run,14379.67
Net Operating Income,537 Fox Run,-14379.67
Net Income,537 Fox Run,-14379.67
Sale of property,5381 Park Side Cir,395430.46
Total for Income,5381 Park Side Cir,395430.46
Gross Profit,5381 Park Side Cir,395430.46
Cleaning services,5381 Park Side Cir,800
Interest Payment,5381 Park Side Cir,9053.33
Labor,5381 Park Side Cir,12791.54
Materials,5381 Park Side Cir,10316.09
Property Purchase,5381 Park Side Cir,25868.68
Third Party Vendors,5381 Park Side Cir,16350.5
Utilities,5381 Park Side Cir,734.63
Total for Expenses,5381 Park Side Cir,75914.77000000002
Net Operating Income,5381 Park Side Cir,319515.69
Transfer,5381 Park Side Cir,289053.33
Total for Other Expenses,5381 Park Side Cir,289053.33
Net Other Income,5381 Park Side Cir,-289053.33
Net Income,5381 Park Side Cir,30462.359999999986
Cleaning services,5400 J R Dr,263.34
Dumpsters,5400 J R Dr,1512
Labor,5400 J R Dr,13753
Materials,5400 J R Dr,10488.82
Property Insurance,5400 J R Dr,728.64
Property Purchase,5400 J R Dr,31903.24
Third Party Vendors,5400 J R Dr,18107.31
Utilities,5400 J R Dr,942.65
Total for Expenses,5400 J R Dr,77699
Net Operating Income,5400 J R Dr,-77699
Net Income,5400 J R Dr,-77699
Dumpsters,5409 Nottinghill Dr,815.06
Labor,5409 Nottinghill Dr,9750
Materials,5409 Nottinghill Dr,7486.18
Property Purchase,5409 Nottinghill Dr,74135.6
Third Party Vendors,5409 Nottinghill Dr,7388
Utilities,5409 Nottinghill Dr,250.86
Total for Expenses,5409 Nottinghill Dr,99825.7
Net Operating Income,5409 Nottinghill Dr,-99825.7
Net Income,5409 Nottinghill Dr,-99825.7
Property Purchase,5415 Nottinghill Dr.,85877.58
Third Party Vendors,5415 Nottinghill Dr.,60
Total for Expenses,5415 Nottinghill Dr.,85937.58
Net Operating Income,5415 Nottinghill Dr.,-85937.58
Net Income,5415 Nottinghill Dr.,-85937.58
Third Party Vendors,5425 Jr Dr,720
Total for Expenses,5425 Jr Dr,720
Net Operating Income,5425 Jr Dr,-720
Net Income,5425 Jr Dr,-720
Sale of property,5427 Reese Ln,225441.17
Total for Income,5427 Reese Ln,225441.17
Gross Profit,5427 Reese Ln,225441.17
Dumpsters,5427 Reese Ln,2418.02
Labor,5427 Reese Ln,27800
Materials,5427 Reese Ln,26157.57
Permits,5427 Reese Ln,1932
Property Purchase,5427 Reese Ln,75302.28
Third Party Vendors,5427 Reese Ln,22902.49
Utilities,5427 Reese Ln,1754.83
Total for Expenses,5427 Reese Ln,158267.18999999997
Net Operating Income,5427 Reese Ln,67173.98000000004
Net Income,5427 Reese Ln,67173.98000000004
Dumpsters,5445 Nottinghill Dr,2418.02
Labor,5445 Nottinghill Dr,13000
Materials,5445 Nottinghill Dr,11387.33
Office Supplies,5445 Nottinghill Dr,21.55
Property Purchase,5445 Nottinghill Dr,81047.6
Third Party Vendors,5445 Nottinghill Dr,4349.8
Utilities,5445 Nottinghill Dr,2737.89
Total for Expenses,5445 Nottinghill Dr,114962.19
Net Operating Income,5445 Nottinghill Dr,-114962.19
Net Income,5445 Nottinghill Dr,-114962.19
Dumpsters,5447 Nottinghill Dr,300
Labor,5447 Nottinghill Dr,13766
Materials,5447 Nottinghill Dr,12351.14
Property Insurance,5447 Nottinghill Dr,995.99
Property Purchase,5447 Nottinghill Dr,70719.32
Third Party Vendors,5447 Nottinghill Dr,16784.03
Utilities,5447 Nottinghill Dr,377.04
Total for Expenses,5447 Nottinghill Dr,115293.52
Net Operating Income,5447 Nottinghill Dr,-115293.52
Net Income,5447 Nottinghill Dr,-115293.52
Sale of property,5536 Cheryl Dr.,179183.64
Total for Income,5536 Cheryl Dr.,179183.64
Gross Profit,5536 Cheryl Dr.,179183.64
Admin Services,5536 Cheryl Dr.,300
Dumpsters,5536 Cheryl Dr.,1929.99
Labor,5536 Cheryl Dr.,15050
Materials,5536 Cheryl Dr.,9214.02
Property Purchase,5536 Cheryl Dr.,120396.84
Third Party Vendors,5536 Cheryl Dr.,11185.23
Total for Expenses,5536 Cheryl Dr.,158076.08000000002
Net Operating Income,5536 Cheryl Dr.,21107.559999999998
Net Income,5536 Cheryl Dr.,21107.559999999998
Sale of property,5551 Timber Hills,225697.77
Total for Income,5551 Timber Hills,225697.77
Gross Profit,5551 Timber Hills,225697.77
Closing Costs,5551 Timber Hills,10425.97
Dumpsters,5551 Timber Hills,2409.04
Earnest money,5551 Timber Hills,2000
Interest Payment,5551 Timber Hills,24000
Labor,5551 Timber Hills,30830
Materials,5551 Timber Hills,47465.23
Staging and Interiors,5551 Timber Hills,3400
Third Party Vendors,5551 Timber Hills,36295.06
Utilities,5551 Timber Hills,1229.25
Total for Expenses,5551 Timber Hills,158054.55
Net Operating Income,5551 Timber Hills,67643.22
Net Income,5551 Timber Hills,67643.22
Sale of property,5557 Dewey Heights Rd,93708.94
Total for Income,5557 Dewey Heights Rd,93708.94
Gross Profit,5557 Dewey Heights Rd,93708.94
Dumpsters,5557 Dewey Heights Rd,2371.96
Interest Payment,5557 Dewey Heights Rd,3000
Labor,5557 Dewey Heights Rd,31150
Materials,5557 Dewey Heights Rd,22690.64
Third Party Vendors,5557 Dewey Heights Rd,29228.28
Total for Expenses,5557 Dewey Heights Rd,88440.88
Net Operating Income,5557 Dewey Heights Rd,5268.059999999998
Net Income,5557 Dewey Heights Rd,5268.059999999998
Sale of property,5557 Dry Creek Rd,239107.47
Total for Income,5557 Dry Creek Rd,239107.47
Gross Profit,5557 Dry Creek Rd,239107.47
Cleaning services,5557 Dry Creek Rd,320
Dumpsters,5557 Dry Creek Rd,6221.64
Interest Payment,5557 Dry Creek Rd,34232.26
Labor,5557 Dry Creek Rd,48815
Materials,5557 Dry Creek Rd,52475.6
Property taxes,5557 Dry Creek Rd,1373.89
Staging and Interiors,5557 Dry Creek Rd,1986.21
Third Party Vendors,5557 Dry Creek Rd,41745.19
Utilities,5557 Dry Creek Rd,2157.21
Total for Expenses,5557 Dry Creek Rd,189327
Net Operating Income,5557 Dry Creek Rd,49780.47
Net Income,5557 Dry Creek Rd,49780.47
Cleaning services,5609 Ridgeview Dr,275
Dumpsters,5609 Ridgeview Dr,11086.97
Interest Payment,5609 Ridgeview Dr,25875.55
Labor,5609 Ridgeview Dr,138393.04
Materials,5609 Ridgeview Dr,163951.61
Movers,5609 Ridgeview Dr,2000
Property Purchase,5609 Ridgeview Dr,84144.97
Staging and Interiors,5609 Ridgeview Dr,4400
Third Party Vendors,5609 Ridgeview Dr,92633.57
Utilities,5609 Ridgeview Dr,4795.53
Total for Expenses,5609 Ridgeview Dr,527556.24
Net Operating Income,5609 Ridgeview Dr,-527556.24
Net Income,5609 Ridgeview Dr,-527556.24
Sale of property,5719 Park Side Rd,88418.06
Total for Income,5719 Park Side Rd,88418.06
Gross Profit,5719 Park Side Rd,88418.06
Closing Costs,5719 Park Side Rd,703.32
Dumpsters,5719 Park Side Rd,1072.02
Earnest money,5719 Park Side Rd,5000
Labor,5719 Park Side Rd,18950
Materials,5719 Park Side Rd,10391.81
Third Party Vendors,5719 Park Side Rd,8807.45
Utilities,5719 Park Side Rd,761.2
Total for Expenses,5719 Park Side Rd,45685.8
Net Operating Income,5719 Park Side Rd,42732.259999999995
Net Income,5719 Park Side Rd,42732.259999999995
Sale of property,5720 33rd St. N,160708.41
Total for Income,5720 33rd St. N,160708.41
Gross Profit,5720 33rd St. N,160708.41
Cleaning services,5720 33rd St. N,150
Dumpsters,5720 33rd St. N,1465.82
Labor,5720 33rd St. N,27100
Materials,5720 33rd St. N,16417.33
Permits,5720 33rd St. N,1690
Property Purchase,5720 33rd St. N,72269.08
Third Party Vendors,5720 33rd St. N,29889.65
Utilities,5720 33rd St. N,1147.17
Total for Expenses,5720 33rd St. N,150129.05000000002
Net Operating Income,5720 33rd St. N,10579.359999999986
Mortgage,5720 33rd St. N,100000
Total for Other Income,5720 33rd St. N,100000
Net Other Income,5720 33rd St. N,100000
Net Income,5720 33rd St. N,110579.35999999999
Sale of property,5731 Hickory Ct.,138250.96
Total for Income,5731 Hickory Ct.,138250.96
Gross Profit,5731 Hickory Ct.,138250.96
Closing Costs,5731 Hickory Ct.,712.31
Dumpsters,5731 Hickory Ct.,906.14
Labor,5731 Hickory Ct.,24750
Materials,5731 Hickory Ct.,15638.97
Third Party Vendors,5731 Hickory Ct.,16901.2
Total for Expenses,5731 Hickory Ct.,58908.619999999995
Net Operating Income,5731 Hickory Ct.,79342.34
Mortgage,5731 Hickory Ct.,-1000
Total for Other Income,5731 Hickory Ct.,-1000
Net Other Income,5731 Hickory Ct.,-1000
Net Income,5731 Hickory Ct.,78342.34
Sale of property,5741 Oakhill Dr,124110.09
Total for Income,5741 Oakhill Dr,124110.09
Gross Profit,5741 Oakhill Dr,124110.09
Dumpsters,5741 Oakhill Dr,1918.89
Interest Payment,5741 Oakhill Dr,2444.03
Labor,5741 Oakhill Dr,21279
Materials,5741 Oakhill Dr,18473.08
Property Purchase,5741 Oakhill Dr,22443.12
Third Party Vendors,5741 Oakhill Dr,16470.06
Utilities,5741 Oakhill Dr,1316.63
Total for Expenses,5741 Oakhill Dr,84344.81
Net Operating Income,5741 Oakhill Dr,39765.28
Net Income,5741 Oakhill Dr,39765.28
Sale of property,5751 Henry Black Dr.,88492.58
Total for Income,5751 Henry Black Dr.,88492.58
Gross Profit,5751 Henry Black Dr.,88492.58
Dumpsters,5751 Henry Black Dr.,1842.93
Labor,5751 Henry Black Dr.,24910
Materials,5751 Henry Black Dr.,23481.84
Third Party Vendors,5751 Henry Black Dr.,13147
Utilities,5751 Henry Black Dr.,175
Total for Expenses,5751 Henry Black Dr.,63556.770000000004
Net Operating Income,5751 Henry Black Dr.,24935.809999999998
Net Income,5751 Henry Black Dr.,24935.809999999998
Sale of property,5755 Cheryl Dr,196401.35
Total for Income,5755 Cheryl Dr,196401.35
Gross Profit,5755 Cheryl Dr,196401.35
Admin Services,5755 Cheryl Dr,300
Cleaning services,5755 Cheryl Dr,150
Dumpsters,5755 Cheryl Dr,6670.22
Equipment,5755 Cheryl Dr,423.49
Labor,5755 Cheryl Dr,49843.67
Materials,5755 Cheryl Dr,45416.76
Property Purchase,5755 Cheryl Dr,80129.75
Third Party Vendors,5755 Cheryl Dr,46228.8
Total for Expenses,5755 Cheryl Dr,229162.69
Net Operating Income,5755 Cheryl Dr,-32761.339999999997
Net Income,5755 Cheryl Dr,-32761.339999999997
Earnest money,578 Shades Crest Rd,3000
Interest Payment,578 Shades Crest Rd,4753.33
Labor,578 Shades Crest Rd,10000
Materials,578 Shades Crest Rd,8091.01
Permits,578 Shades Crest Rd,6593
Property Insurance,578 Shades Crest Rd,1456.25
Property Purchase,578 Shades Crest Rd,55864.72
Utilities,578 Shades Crest Rd,1206
Total for Expenses,578 Shades Crest Rd,90964.31
Net Operating Income,578 Shades Crest Rd,-90964.31
Net Income,578 Shades Crest Rd,-90964.31
Sale of property,580 Highland Ln.,120561.8
Total for Income,580 Highland Ln.,120561.8
Gross Profit,580 Highland Ln.,120561.8
Dumpsters,580 Highland Ln.,643.75
Labor,580 Highland Ln.,17900
Materials,580 Highland Ln.,3220.61
Photography,580 Highland Ln.,100
Property Insurance,580 Highland Ln.,664.5
Property Purchase,580 Highland Ln.,40672
Third Party Vendors,580 Highland Ln.,4049
Total for Expenses,580 Highland Ln.,67249.86
Net Operating Income,580 Highland Ln.,53311.94
Net Income,580 Highland Ln.,53311.94
Sale of property,5872 Janet Dr.,61285.09
Total for Income,5872 Janet Dr.,61285.09
Gross Profit,5872 Janet Dr.,61285.09
Business License,5872 Janet Dr.,162
Cleaning services,5872 Janet Dr.,130
Closing Costs,5872 Janet Dr.,1235.24
Dumpsters,5872 Janet Dr.,970.72
Interest Payment,5872 Janet Dr.,3413.33
Labor,5872 Janet Dr.,13877
Materials,5872 Janet Dr.,10713.57
Permits,5872 Janet Dr.,1252
Photography,5872 Janet Dr.,300
Third Party Vendors,5872 Janet Dr.,6454.5
Total for Expenses,5872 Janet Dr.,38508.36
Net Operating Income,5872 Janet Dr.,22776.729999999996
Net Income,5872 Janet Dr.,22776.729999999996
Cleaning services,5874 Dogwood Cir,260
Dumpsters,5874 Dogwood Cir,2559.36
Interest Payment,5874 Dogwood Cir,2521.33
Labor,5874 Dogwood Cir,41900
Materials,5874 Dogwood Cir,30191.17
Property Insurance,5874 Dogwood Cir,966.69
Property Purchase,5874 Dogwood Cir,25914.39
Third Party Vendors,5874 Dogwood Cir,23922
Utilities,5874 Dogwood Cir,537.42
Total for Expenses,5874 Dogwood Cir,128772.36
Net Operating Income,5874 Dogwood Cir,-128772.36
Net Income,5874 Dogwood Cir,-128772.36
Sale of property,588 Russet Bend Dr,175996.84
Total for Income,588 Russet Bend Dr,175996.84
Gross Profit,588 Russet Bend Dr,175996.84
Closing Costs,588 Russet Bend Dr,1859.37
Dumpsters,588 Russet Bend Dr,3464.88
Interest Payment,588 Russet Bend Dr,4666.65
Labor,588 Russet Bend Dr,30300
Materials,588 Russet Bend Dr,22714.48
Third Party Vendors,588 Russet Bend Dr,29936.8
Total for Expenses,588 Russet Bend Dr,92942.18000000001
Net Operating Income,588 Russet Bend Dr,83054.65999999999
Net Income,588 Russet Bend Dr,83054.65999999999
Sale of property,5901 nuthatch,101163.67
Total for Income,5901 nuthatch,101163.67
Gross Profit,5901 nuthatch,101163.67
Labor,5901 nuthatch,15103.35
Third Party Vendors,5901 nuthatch,18356
Total for Expenses,5901 nuthatch,33459.35
Net Operating Income,5901 nuthatch,67704.32
Net Income,5901 nuthatch,67704.32
Sale of property,5912 Nuthatch Cir,133692.29
Total for Income,5912 Nuthatch Cir,133692.29
Gross Profit,5912 Nuthatch Cir,133692.29
Closing Costs,5912 Nuthatch Cir,985.73
Dumpsters,5912 Nuthatch Cir,439.5
Interest Payment,5912 Nuthatch Cir,3249.33
Labor,5912 Nuthatch Cir,34150
Materials,5912 Nuthatch Cir,21170.76
Reimbursment,5912 Nuthatch Cir,75
Third Party Vendors,5912 Nuthatch Cir,7910
Total for Expenses,5912 Nuthatch Cir,67980.31999999999
Net Operating Income,5912 Nuthatch Cir,65711.97000000002
Net Income,5912 Nuthatch Cir,65711.97000000002
Sale of property,5913 Southhall Rd,249456.9
Total for Income,5913 Southhall Rd,249456.9
Gross Profit,5913 Southhall Rd,249456.9
Dumpsters,5913 Southhall Rd,3304.98
Earnest money,5913 Southhall Rd,1000
Labor,5913 Southhall Rd,45877.53
Materials,5913 Southhall Rd,40847.58
Mortgage Payment,5913 Southhall Rd,4499.36
Permits,5913 Southhall Rd,2332.5
Property Insurance,5913 Southhall Rd,2148
Property Purchase,5913 Southhall Rd,61068.38
Third Party Vendors,5913 Southhall Rd,34000
Utilities,5913 Southhall Rd,-199.88
Total for Expenses,5913 Southhall Rd,194878.44999999998
Net Operating Income,5913 Southhall Rd,54578.45000000001
Net Income,5913 Southhall Rd,54578.45000000001
Sale of property,5929 Cheryl Dr,53095.96
Total for Income,5929 Cheryl Dr,53095.96
Gross Profit,5929 Cheryl Dr,53095.96
Dumpsters,5929 Cheryl Dr,1320.82
Interest Payment,5929 Cheryl Dr,1666.68
Labor,5929 Cheryl Dr,24500
Materials,5929 Cheryl Dr,18392.86
Photography,5929 Cheryl Dr,100
Referal Fee,5929 Cheryl Dr,12500
Third Party Vendors,5929 Cheryl Dr,12195.8
Total for Expenses,5929 Cheryl Dr,70676.16
Net Operating Income,5929 Cheryl Dr,-17580.200000000004
Mortgage,5929 Cheryl Dr,36158.32
Total for Other Income,5929 Cheryl Dr,36158.32
Net Other Income,5929 Cheryl Dr,36158.32
Net Income,5929 Cheryl Dr,18578.119999999995
Sale of property,5956 Creekwood Rd,71277.72
Total for Income,5956 Creekwood Rd,71277.72
Gross Profit,5956 Creekwood Rd,71277.72
Dumpsters,5956 Creekwood Rd,934.4
Interest Payment,5956 Creekwood Rd,1333.34
Labor,5956 Creekwood Rd,14016
Materials,5956 Creekwood Rd,20432.84
Photography,5956 Creekwood Rd,100
Third Party Vendors,5956 Creekwood Rd,4798.15
Total for Expenses,5956 Creekwood Rd,41614.73
Net Operating Income,5956 Creekwood Rd,29662.989999999998
Net Income,5956 Creekwood Rd,29662.989999999998
Sale of property,5970 Dewey Heights Rd,145688.27
Total for Income,5970 Dewey Heights Rd,145688.27
Gross Profit,5970 Dewey Heights Rd,145688.27
Dumpsters,5970 Dewey Heights Rd,231.75
Earnest money,5970 Dewey Heights Rd,1000
Property Purchase,5970 Dewey Heights Rd,130484.42
Total for Expenses,5970 Dewey Heights Rd,131716.16999999998
Net Operating Income,5970 Dewey Heights Rd,13972.100000000006
Net Income,5970 Dewey Heights Rd,13972.100000000006
Dumpsters,6005 Mockingbird Ln,559.68
Third Party Vendors,6005 Mockingbird Ln,100
Total for Expenses,6005 Mockingbird Ln,659.68
Net Operating Income,6005 Mockingbird Ln,-659.68
Net Income,6005 Mockingbird Ln,-659.68
Interest Payment,601 Mermont Dr,6812.9
Labor,601 Mermont Dr,16000
Materials,601 Mermont Dr,18978.75
Property Purchase,601 Mermont Dr,1284.49
Third Party Vendors,601 Mermont Dr,13392
Utilities,601 Mermont Dr,1456.43
Total for Expenses,601 Mermont Dr,57924.57
Net Operating Income,601 Mermont Dr,-57924.57
Net Income,601 Mermont Dr,-57924.57
Sales (deleted),6022 Springville Rd,24517.89
Total for Income,6022 Springville Rd,24517.89
Gross Profit,6022 Springville Rd,24517.89
Materials,6022 Springville Rd,2500
real estate expenses,6022 Springville Rd,165
Reimbursment,6022 Springville Rd,-100922.92
Third Party Vendors,6022 Springville Rd,223
Total for Expenses,6022 Springville Rd,-98034.92
Net Operating Income,6022 Springville Rd,122552.81
Net Income,6022 Springville Rd,122552.81
Sale of property,606 Greenwood Dr,111689.06
Total for Income,606 Greenwood Dr,111689.06
Gross Profit,606 Greenwood Dr,111689.06
Closing Costs,606 Greenwood Dr,20180.86
Dumpsters,606 Greenwood Dr,1550.89
Earnest money,606 Greenwood Dr,1000
Labor,606 Greenwood Dr,25075
Materials,606 Greenwood Dr,16110.37
Mortgage Payment,606 Greenwood Dr,2653.85
Third Party Vendors,606 Greenwood Dr,12476.6
Total for Expenses,606 Greenwood Dr,79047.57
Net Operating Income,606 Greenwood Dr,32641.48999999999
Net Income,606 Greenwood Dr,32641.48999999999
Sale of property,609 Chesser Ct,165266.84
Total for Income,609 Chesser Ct,165266.84
Gross Profit,609 Chesser Ct,165266.84
Cleaning services,609 Chesser Ct,350
Interest Payment,609 Chesser Ct,5216.24
Labor,609 Chesser Ct,17650
Materials,609 Chesser Ct,11883.59
Property Purchase,609 Chesser Ct,47718.68
Third Party Vendors,609 Chesser Ct,19277.31
Utilities,609 Chesser Ct,1573.2
Total for Expenses,609 Chesser Ct,103669.02
Net Operating Income,609 Chesser Ct,61597.81999999999
Net Income,609 Chesser Ct,61597.81999999999
Materials,609 Levert Ln,117.34
Total for Expenses,609 Levert Ln,117.34
Net Operating Income,609 Levert Ln,-117.34
Net Income,609 Levert Ln,-117.34
Mortgage,61 Brentwood Dr,-145000
Total for Other Income,61 Brentwood Dr,-145000
Net Other Income,61 Brentwood Dr,-145000
Net Income,61 Brentwood Dr,-145000
Materials,611 Water Oak Cir,397.32
Total for Expenses,611 Water Oak Cir,397.32
Net Operating Income,611 Water Oak Cir,-397.32
Net Income,611 Water Oak Cir,-397.32
Sale of property,613 Sundale Dr,157523.17
Total for Income,613 Sundale Dr,157523.17
Gross Profit,613 Sundale Dr,157523.17
Property Purchase,613 Sundale Dr,95794.05
Total for Expenses,613 Sundale Dr,95794.05
Net Operating Income,613 Sundale Dr,61729.12000000001
Net Income,613 Sundale Dr,61729.12000000001
Sale of property,6134 Townhee Dr,320214.03
Total for Income,6134 Townhee Dr,320214.03
Gross Profit,6134 Townhee Dr,320214.03
Dumpsters,6134 Townhee Dr,2371.96
Labor,6134 Townhee Dr,24950
Materials,6134 Townhee Dr,16434.75
Property Purchase,6134 Townhee Dr,175000
Third Party Vendors,6134 Townhee Dr,19940.31
Utilities,6134 Townhee Dr,101.97
Total for Expenses,6134 Townhee Dr,238798.99
Net Operating Income,6134 Townhee Dr,81415.04000000004
Mortgage,6134 Townhee Dr,-9072.57
Total for Other Income,6134 Townhee Dr,-9072.57
Net Other Income,6134 Townhee Dr,-9072.57
Net Income,6134 Townhee Dr,72342.47000000003
Sale of property,620 Ridgefield Cove,71015.53
Total for Income,620 Ridgefield Cove,71015.53
Gross Profit,620 Ridgefield Cove,71015.53
Admin Services,620 Ridgefield Cove,250
Interest Payment,620 Ridgefield Cove,5322.58
Labor,620 Ridgefield Cove,17954
Materials,620 Ridgefield Cove,8682.63
Photography,620 Ridgefield Cove,100
Property Purchase,620 Ridgefield Cove,226758.35
Third Party Vendors,620 Ridgefield Cove,14299.7
Total for Expenses,620 Ridgefield Cove,273367.26
Net Operating Income,620 Ridgefield Cove,-202351.73
Mortgage,620 Ridgefield Cove,225000
Total for Other Income,620 Ridgefield Cove,225000
Net Other Income,620 Ridgefield Cove,225000
Net Income,620 Ridgefield Cove,22648.26999999999
Sale of property,6202 Waterford Pl,159130.34
Total for Income,6202 Waterford Pl,159130.34
Gross Profit,6202 Waterford Pl,159130.34
Cleaning services,6202 Waterford Pl,350
Dumpsters,6202 Waterford Pl,1935.52
Interest Payment,6202 Waterford Pl,11180
Labor,6202 Waterford Pl,31902.71
Materials,6202 Waterford Pl,31223.54
Property Purchase,6202 Waterford Pl,2633.44
Third Party Vendors,6202 Waterford Pl,29921.48
Utilities,6202 Waterford Pl,1072.81
Total for Expenses,6202 Waterford Pl,110219.49999999999
Net Operating Income,6202 Waterford Pl,48910.84000000001
Net Income,6202 Waterford Pl,48910.84000000001
Sale of property,6212 Kestral View Rd,130514.98
Total for Income,6212 Kestral View Rd,130514.98
Gross Profit,6212 Kestral View Rd,130514.98
Cleaning services,6212 Kestral View Rd,400
Dumpsters,6212 Kestral View Rd,1012.75
Labor,6212 Kestral View Rd,18881.63
Materials,6212 Kestral View Rd,14514.84
Property Purchase,6212 Kestral View Rd,22136.89
Third Party Vendors,6212 Kestral View Rd,12588
Utilities,6212 Kestral View Rd,1861.94
Total for Expenses,6212 Kestral View Rd,71396.05
Net Operating Income,6212 Kestral View Rd,59118.92999999999
Net Income,6212 Kestral View Rd,59118.92999999999
Sale of property,6251 Keith Rd,131734.67
Total for Income,6251 Keith Rd,131734.67
Gross Profit,6251 Keith Rd,131734.67
Dumpsters,6251 Keith Rd,2711.16
Earnest money,6251 Keith Rd,960.29
Interest Payment,6251 Keith Rd,8646.22
Labor,6251 Keith Rd,32490
Materials,6251 Keith Rd,22835.16
Permits,6251 Keith Rd,2177.48
Photography,6251 Keith Rd,271
Property Insurance,6251 Keith Rd,1471.5
Third Party Vendors,6251 Keith Rd,20533.5
Total for Expenses,6251 Keith Rd,92096.31
Net Operating Income,6251 Keith Rd,39638.360000000015
Net Income,6251 Keith Rd,39638.360000000015
Dumpsters,6257 Roberts Dr.,932.15
Total for Expenses,6257 Roberts Dr.,932.15
Net Operating Income,6257 Roberts Dr.,-932.15
Net Income,6257 Roberts Dr.,-932.15
Cleaning services,6269 Renda Cir,200
Dumpsters,6269 Renda Cir,1474.62
Interest Payment,6269 Renda Cir,5000
Labor,6269 Renda Cir,22910
Materials,6269 Renda Cir,19876.51
Property Insurance,6269 Renda Cir,1401.58
Referal Fee,6269 Renda Cir,20000
Third Party Vendors,6269 Renda Cir,15417.05
Utilities,6269 Renda Cir,1535.92
Total for Expenses,6269 Renda Cir,87815.68
Net Operating Income,6269 Renda Cir,-87815.68
Mortgage,6269 Renda Cir,58909.47
Total for Other Income,6269 Renda Cir,58909.47
Payoff,6269 Renda Cir,125000
Total for Other Expenses,6269 Renda Cir,125000
Net Other Income,6269 Renda Cir,-66090.53
Net Income,6269 Renda Cir,-153906.21
Sale of property,6279 Tyler Loop Rd,200193.24
Total for Income,6279 Tyler Loop Rd,200193.24
Gross Profit,6279 Tyler Loop Rd,200193.24
Cleaning services,6279 Tyler Loop Rd,200
Dumpsters,6279 Tyler Loop Rd,1470
Interest Payment,6279 Tyler Loop Rd,3750
Labor,6279 Tyler Loop Rd,21600
Materials,6279 Tyler Loop Rd,20069.78
Third Party Vendors,6279 Tyler Loop Rd,12580
Utilities,6279 Tyler Loop Rd,647.49
Total for Expenses,6279 Tyler Loop Rd,60317.27
Net Operating Income,6279 Tyler Loop Rd,139875.97
Net Income,6279 Tyler Loop Rd,139875.97
Sale of property,629 Shadywood Ln,56697.99
Total for Income,629 Shadywood Ln,56697.99
Gross Profit,629 Shadywood Ln,56697.99
Admin Services,629 Shadywood Ln,300
Dumpsters,629 Shadywood Ln,2448.29
Earnest money,629 Shadywood Ln,2000
Interest Payment,629 Shadywood Ln,6666.68
Labor,629 Shadywood Ln,37021.25
Materials,629 Shadywood Ln,34733.04
Photography,629 Shadywood Ln,115
Third Party Vendors,629 Shadywood Ln,17430.8
Total for Expenses,629 Shadywood Ln,100715.06000000001
Net Operating Income,629 Shadywood Ln,-44017.070000000014
Mortgage,629 Shadywood Ln,58063.37
Total for Other Income,629 Shadywood Ln,58063.37
Net Other Income,629 Shadywood Ln,58063.37
Net Income,629 Shadywood Ln,14046.299999999988
Sale of property,63 Avery Hancock Dr,222927.08
Total for Income,63 Avery Hancock Dr,222927.08
Gross Profit,63 Avery Hancock Dr,222927.08
Dumpsters,63 Avery Hancock Dr,2454.97
Labor,63 Avery Hancock Dr,29405
Materials,63 Avery Hancock Dr,23837.74
Property Purchase,63 Avery Hancock Dr,48028.21
Third Party Vendors,63 Avery Hancock Dr,18864.3
Utilities,63 Avery Hancock Dr,835.76
Total for Expenses,63 Avery Hancock Dr,123425.98000000001
Net Operating Income,63 Avery Hancock Dr,99501.09999999998
Net Income,63 Avery Hancock Dr,99501.09999999998
Sale of property,636 Mermont Dr.,411831.43
Total for Income,636 Mermont Dr.,411831.43
Gross Profit,636 Mermont Dr.,411831.43
Admin Services,636 Mermont Dr.,300
Cleaning services,636 Mermont Dr.,150
Labor,636 Mermont Dr.,10750
Materials,636 Mermont Dr.,3066.26
Photography,636 Mermont Dr.,100
Property Purchase,636 Mermont Dr.,291286.61
Third Party Vendors,636 Mermont Dr.,19994.5
Total for Expenses,636 Mermont Dr.,325647.37
Net Operating Income,636 Mermont Dr.,86184.06
Net Income,636 Mermont Dr.,86184.06
Sale of property,636 Paden Dr,271359.37
Total for Income,636 Paden Dr,271359.37
Gross Profit,636 Paden Dr,271359.37
Admin Services,636 Paden Dr,330
Cleaning services,636 Paden Dr,160
Closing Costs,636 Paden Dr,75074.95
Dumpsters,636 Paden Dr,2865.54
Earnest money,636 Paden Dr,1000
Labor,636 Paden Dr,42737
Materials,636 Paden Dr,53543.14
Mortgage Payment,636 Paden Dr,8549.48
Photography,636 Paden Dr,150
Property Insurance,636 Paden Dr,3059.51
Third Party Vendors,636 Paden Dr,16723.6
Total for Expenses,636 Paden Dr,204193.22000000003
Net Operating Income,636 Paden Dr,67166.14999999997
Net Income,636 Paden Dr,67166.14999999997
Sale of property,637 Vaughn Cir.,218130.89
Total for Income,637 Vaughn Cir.,218130.89
Gross Profit,637 Vaughn Cir.,218130.89
Admin Services,637 Vaughn Cir.,330
Automobile Expense,637 Vaughn Cir.,142.98
Dumpsters,637 Vaughn Cir.,1950.02
Earnest money,637 Vaughn Cir.,5000
Labor,637 Vaughn Cir.,62000
Materials,637 Vaughn Cir.,26729.53
Photography,637 Vaughn Cir.,130
Property Purchase,637 Vaughn Cir.,269921.3
Third Party Vendors,637 Vaughn Cir.,8615.2
Total for Expenses,637 Vaughn Cir.,374819.02999999997
Net Operating Income,637 Vaughn Cir.,-156688.13999999996
Net Income,637 Vaughn Cir.,-156688.13999999996
Sale of property,640 Griffin Rd,185051.52
Total for Income,640 Griffin Rd,185051.52
Gross Profit,640 Griffin Rd,185051.52
Cleaning services,640 Griffin Rd,240
Dumpsters,640 Griffin Rd,12401.51
Earnest money,640 Griffin Rd,5000
Interest Payment,640 Griffin Rd,19406.45
Labor,640 Griffin Rd,52873.83
Materials,640 Griffin Rd,48745.42
Staging and Interiors,640 Griffin Rd,3900
Third Party Vendors,640 Griffin Rd,29192.5
Utilities,640 Griffin Rd,1363.54
Total for Expenses,640 Griffin Rd,173123.25000000003
Net Operating Income,640 Griffin Rd,11928.26999999996
Net Income,640 Griffin Rd,11928.26999999996
Sale of property,6435 Freda Dr.,116540.17
Total for Income,6435 Freda Dr.,116540.17
Gross Profit,6435 Freda Dr.,116540.17
Dumpsters,6435 Freda Dr.,1359.6
Interest Payment,6435 Freda Dr.,3099
Labor,6435 Freda Dr.,28180.5
Materials,6435 Freda Dr.,14402.06
Property Insurance,6435 Freda Dr.,992
Third Party Vendors,6435 Freda Dr.,11081.3
Total for Expenses,6435 Freda Dr.,59114.45999999999
Net Operating Income,6435 Freda Dr.,57425.71000000001
Net Income,6435 Freda Dr.,57425.71000000001
Sale of property,645 Vaughn Cir,231705.82
Total for Income,645 Vaughn Cir,231705.82
Gross Profit,645 Vaughn Cir,231705.82
Admin Services,645 Vaughn Cir,300
Dumpsters,645 Vaughn Cir,2025.47
Earnest money,645 Vaughn Cir,1000
Labor,645 Vaughn Cir,31590
Materials,645 Vaughn Cir,22537.95
Property Purchase,645 Vaughn Cir,140518.2
Third Party Vendors,645 Vaughn Cir,23147.8
Total for Expenses,645 Vaughn Cir,221119.41999999998
Net Operating Income,645 Vaughn Cir,10586.400000000023
Net Income,645 Vaughn Cir,10586.400000000023
Sale of property,6451 Freda Dr,217263.5
Total for Income,6451 Freda Dr,217263.5
Gross Profit,6451 Freda Dr,217263.5
Admin Services,6451 Freda Dr,300
Cleaning services,6451 Freda Dr,150
Dumpsters,6451 Freda Dr,1465.82
Earnest money,6451 Freda Dr,2500
Labor,6451 Freda Dr,29227.53
Materials,6451 Freda Dr,25454.99
Photography,6451 Freda Dr,130
Property Purchase,6451 Freda Dr,144038.72
Third Party Vendors,6451 Freda Dr,23525
Total for Expenses,6451 Freda Dr,226792.06
Net Operating Income,6451 Freda Dr,-9528.559999999998
Net Income,6451 Freda Dr,-9528.559999999998
Sale of property,6521 Happy Hollow Rd,184561.68
Total for Income,6521 Happy Hollow Rd,184561.68
Gross Profit,6521 Happy Hollow Rd,184561.68
Closing Costs,6521 Happy Hollow Rd,255
Dumpsters,6521 Happy Hollow Rd,5110.42
Earnest money,6521 Happy Hollow Rd,1000
Interest Payment,6521 Happy Hollow Rd,7000
Labor,6521 Happy Hollow Rd,41530
Materials,6521 Happy Hollow Rd,52449.01
Property Purchase,6521 Happy Hollow Rd,175085.12
Third Party Vendors,6521 Happy Hollow Rd,48553.68
Total for Expenses,6521 Happy Hollow Rd,330983.23
Net Operating Income,6521 Happy Hollow Rd,-146421.55
Mortgage,6521 Happy Hollow Rd,150396.12
Total for Other Income,6521 Happy Hollow Rd,150396.12
Net Other Income,6521 Happy Hollow Rd,150396.12
Net Income,6521 Happy Hollow Rd,3974.570000000007
Dumpsters,6556 Murphree Cir,2931.64
Labor,6556 Murphree Cir,32490
Materials,6556 Murphree Cir,22986.26
Third Party Vendors,6556 Murphree Cir,20091.4
Total for Expenses,6556 Murphree Cir,78499.29999999999
Net Operating Income,6556 Murphree Cir,-78499.29999999999
Net Income,6556 Murphree Cir,-78499.29999999999
Materials,6556 Murphree Cir 2,6391.65
Total for Expenses,6556 Murphree Cir 2,6391.65
Net Operating Income,6556 Murphree Cir 2,-6391.65
Net Income,6556 Murphree Cir 2,-6391.65
Sale of property,6591 S Chalkville Rd,174293.05
Total for Income,6591 S Chalkville Rd,174293.05
Gross Profit,6591 S Chalkville Rd,174293.05
Dumpsters,6591 S Chalkville Rd,3743.97
Interest Payment,6591 S Chalkville Rd,3792.64
Labor,6591 S Chalkville Rd,29765
Materials,6591 S Chalkville Rd,33935.23
Property Purchase,6591 S Chalkville Rd,136463
Third Party Vendors,6591 S Chalkville Rd,38500.82
Utilities,6591 S Chalkville Rd,875.84
Total for Expenses,6591 S Chalkville Rd,247076.5
Net Operating Income,6591 S Chalkville Rd,-72783.45000000001
Mortgage,6591 S Chalkville Rd,123750
Total for Other Income,6591 S Chalkville Rd,123750
Net Other Income,6591 S Chalkville Rd,123750
Net Income,6591 S Chalkville Rd,50966.54999999999
Sale of property,6594 Womack RD,160714.39
Total for Income,6594 Womack RD,160714.39
Gross Profit,6594 Womack RD,160714.39
Property Purchase,6594 Womack RD,140610.1
Total for Expenses,6594 Womack RD,140610.1
Net Operating Income,6594 Womack RD,20104.290000000008
Net Income,6594 Womack RD,20104.290000000008
Sale of property,6602 Davidson Rd,70402.4
Total for Income,6602 Davidson Rd,70402.4
Gross Profit,6602 Davidson Rd,70402.4
Admin Services,6602 Davidson Rd,250
Labor,6602 Davidson Rd,14027
Materials,6602 Davidson Rd,3614.48
Photography,6602 Davidson Rd,100
Third Party Vendors,6602 Davidson Rd,6974.8
Total for Expenses,6602 Davidson Rd,24966.28
Net Operating Income,6602 Davidson Rd,45436.119999999995
Net Income,6602 Davidson Rd,45436.119999999995
Sale of property,6750 Heaton Manor,237937.08
Total for Income,6750 Heaton Manor,237937.08
Gross Profit,6750 Heaton Manor,237937.08
Admin Services,6750 Heaton Manor,250
Labor,6750 Heaton Manor,3400
Materials,6750 Heaton Manor,3043.37
Photography,6750 Heaton Manor,100
Property Purchase,6750 Heaton Manor,176527.84
Third Party Vendors,6750 Heaton Manor,175
Total for Expenses,6750 Heaton Manor,183496.21
Net Operating Income,6750 Heaton Manor,54440.869999999995
Net Income,6750 Heaton Manor,54440.869999999995
Sale of property,6765 Crossbrook Ln,94358.65
Total for Income,6765 Crossbrook Ln,94358.65
Gross Profit,6765 Crossbrook Ln,94358.65
Admin Services,6765 Crossbrook Ln,300
Dumpsters,6765 Crossbrook Ln,556.97
Labor,6765 Crossbrook Ln,12115
Materials,6765 Crossbrook Ln,4951.47
Photography,6765 Crossbrook Ln,130
Property Purchase,6765 Crossbrook Ln,121523.39
Third Party Vendors,6765 Crossbrook Ln,6846.6
Total for Expenses,6765 Crossbrook Ln,146423.43
Net Operating Income,6765 Crossbrook Ln,-52064.78
Mortgage,6765 Crossbrook Ln,120000
Total for Other Income,6765 Crossbrook Ln,120000
Net Other Income,6765 Crossbrook Ln,120000
Net Income,6765 Crossbrook Ln,67935.22
Sale of property,6790 Paradise Cir,275670.07
Total for Income,6790 Paradise Cir,275670.07
Gross Profit,6790 Paradise Cir,275670.07
Cleaning services,6790 Paradise Cir,170
Dumpsters,6790 Paradise Cir,2371.96
Interest Payment,6790 Paradise Cir,3884.83
Labor,6790 Paradise Cir,36712.35
Materials,6790 Paradise Cir,38832.32
Property Purchase,6790 Paradise Cir,27879.54
Referal Fee,6790 Paradise Cir,1500
Third Party Vendors,6790 Paradise Cir,48264.53
Utilities,6790 Paradise Cir,741.78
Total for Expenses,6790 Paradise Cir,160357.31
Net Operating Income,6790 Paradise Cir,115312.76000000001
Net Income,6790 Paradise Cir,115312.76000000001
Sale of property,6801 Brittany Pl,101774.47
Total for Income,6801 Brittany Pl,101774.47
Gross Profit,6801 Brittany Pl,101774.47
Dumpsters,6801 Brittany Pl,1465.82
Interest Payment,6801 Brittany Pl,3051.92
Labor,6801 Brittany Pl,20410
Materials,6801 Brittany Pl,23285.98
Permits,6801 Brittany Pl,1967
Property Purchase,6801 Brittany Pl,26551.94
Third Party Vendors,6801 Brittany Pl,5668.6
Utilities,6801 Brittany Pl,253.39
Total for Expenses,6801 Brittany Pl,82654.65000000001
Net Operating Income,6801 Brittany Pl,19119.819999999992
Net Income,6801 Brittany Pl,19119.819999999992
Sale of property,6816 Brittany Pl,194819.36
Total for Income,6816 Brittany Pl,194819.36
Gross Profit,6816 Brittany Pl,194819.36
Admin Services,6816 Brittany Pl,300
Cleaning services,6816 Brittany Pl,150
Dumpsters,6816 Brittany Pl,1458.73
Labor,6816 Brittany Pl,28230.21
Materials,6816 Brittany Pl,18186.27
Property Purchase,6816 Brittany Pl,111387.01
Third Party Vendors,6816 Brittany Pl,11797.77
Total for Expenses,6816 Brittany Pl,171509.99
Net Operating Income,6816 Brittany Pl,23309.369999999995
Net Income,6816 Brittany Pl,23309.369999999995
Sale of property,690 Idlewild Cir,157763.38
Total for Income,690 Idlewild Cir,157763.38
Gross Profit,690 Idlewild Cir,157763.38
Interest Payment,690 Idlewild Cir,8000
Labor,690 Idlewild Cir,28441
Materials,690 Idlewild Cir,28751.78
Movers,690 Idlewild Cir,270
Property Insurance,690 Idlewild Cir,400
Property Purchase,690 Idlewild Cir,3571.79
Third Party Vendors,690 Idlewild Cir,23149.4
Utilities,690 Idlewild Cir,1089.21
Total for Expenses,690 Idlewild Cir,93673.18000000001
Net Operating Income,690 Idlewild Cir,64090.2
Net Income,690 Idlewild Cir,64090.2
Sale of property,6928 Woodvale Ln,106443.58
Total for Income,6928 Woodvale Ln,106443.58
Gross Profit,6928 Woodvale Ln,106443.58
Cleaning services,6928 Woodvale Ln,150
Dumpsters,6928 Woodvale Ln,2478.56
Labor,6928 Woodvale Ln,27600
Materials,6928 Woodvale Ln,20985.86
Property Purchase,6928 Woodvale Ln,251369.75
Third Party Vendors,6928 Woodvale Ln,11982.6
Total for Expenses,6928 Woodvale Ln,314566.76999999996
Net Operating Income,6928 Woodvale Ln,-208123.18999999994
Mortgage,6928 Woodvale Ln,250000
Total for Other Income,6928 Woodvale Ln,250000
Net Other Income,6928 Woodvale Ln,250000
Net Income,6928 Woodvale Ln,41876.810000000056
Sale of property,6968 McFrancis Rd,88967.86
Total for Income,6968 McFrancis Rd,88967.86
Gross Profit,6968 McFrancis Rd,88967.86
Dumpsters,6968 McFrancis Rd,863.19
Labor,6968 McFrancis Rd,30600
Materials,6968 McFrancis Rd,25454.71
Property Insurance,6968 McFrancis Rd,1220.5
Third Party Vendors,6968 McFrancis Rd,14143.25
Total for Expenses,6968 McFrancis Rd,72281.65
Net Operating Income,6968 McFrancis Rd,16686.210000000006
Net Income,6968 McFrancis Rd,16686.210000000006
Admin Services,70 Sunset Strip,330
Photography,70 Sunset Strip,175
Total for Expenses,70 Sunset Strip,505
Net Operating Income,70 Sunset Strip,-505
Net Income,70 Sunset Strip,-505
Dumpsters,7012 Shady Oaks Ln,341.25
Labor,7012 Shady Oaks Ln,9750
Materials,7012 Shady Oaks Ln,6584.73
Third Party Vendors,7012 Shady Oaks Ln,7141.5
Total for Expenses,7012 Shady Oaks Ln,23817.48
Net Operating Income,7012 Shady Oaks Ln,-23817.48
Net Income,7012 Shady Oaks Ln,-23817.48
Sale of property,704 Julia Cir,165763.59
Total for Income,704 Julia Cir,165763.59
Gross Profit,704 Julia Cir,165763.59
Labor,704 Julia Cir,550
Materials,704 Julia Cir,261.87
Property Purchase,704 Julia Cir,141761.12
Third Party Vendors,704 Julia Cir,1868.23
Total for Expenses,704 Julia Cir,144441.22
Net Operating Income,704 Julia Cir,21322.369999999995
Net Income,704 Julia Cir,21322.369999999995
Sale of property,704 Truss Ferry Rd,268663.98
Total for Income,704 Truss Ferry Rd,268663.98
Gross Profit,704 Truss Ferry Rd,268663.98
Dumpsters,704 Truss Ferry Rd,2542.13
Earnest money,704 Truss Ferry Rd,10000
Labor,704 Truss Ferry Rd,35400
Materials,704 Truss Ferry Rd,35943.77
Permits,704 Truss Ferry Rd,256
Photography,704 Truss Ferry Rd,115
Property Purchase,704 Truss Ferry Rd,161169.38
Reinspection Fee,704 Truss Ferry Rd,25
Third Party Vendors,704 Truss Ferry Rd,17864.56
Total for Expenses,704 Truss Ferry Rd,263315.84
Net Operating Income,704 Truss Ferry Rd,5348.139999999956
Net Income,704 Truss Ferry Rd,5348.139999999956
Cleaning services,706 Berkley Dr,525
Dumpsters,706 Berkley Dr,3341.76
Labor,706 Berkley Dr,49370
Materials,706 Berkley Dr,59692.89
Referal Fee,706 Berkley Dr,15000
Staging and Interiors,706 Berkley Dr,7430
Third Party Vendors,706 Berkley Dr,36190.98
Utilities,706 Berkley Dr,2964.68
Total for Expenses,706 Berkley Dr,174515.31
Net Operating Income,706 Berkley Dr,-174515.31
Net Income,706 Berkley Dr,-174515.31
Sale of property,7093 Old Dixiana Rd.,123005.37
Total for Income,7093 Old Dixiana Rd.,123005.37
Gross Profit,7093 Old Dixiana Rd.,123005.37
Dumpsters,7093 Old Dixiana Rd.,932.15
Earnest money,7093 Old Dixiana Rd.,1000
Labor,7093 Old Dixiana Rd.,28500
Materials,7093 Old Dixiana Rd.,19241.93
Third Party Vendors,7093 Old Dixiana Rd.,10773.5
Total for Expenses,7093 Old Dixiana Rd.,60447.58
Net Operating Income,7093 Old Dixiana Rd.,62557.78999999999
Net Income,7093 Old Dixiana Rd.,62557.78999999999
Sale of property,7104 Claymont Dr,266611.61
Total for Income,7104 Claymont Dr,266611.61
Gross Profit,7104 Claymont Dr,266611.61
Cleaning services,7104 Claymont Dr,200
Dumpsters,7104 Claymont Dr,2478.57
Labor,7104 Claymont Dr,30990
Materials,7104 Claymont Dr,30481.91
Property Purchase,7104 Claymont Dr,138583.93
Third Party Vendors,7104 Claymont Dr,21259.92
Utilities,7104 Claymont Dr,934.52
Total for Expenses,7104 Claymont Dr,224928.84999999995
Net Operating Income,7104 Claymont Dr,41682.76000000004
Net Income,7104 Claymont Dr,41682.76000000004
Sale of property,7121 Goodner Mtn. Rd,272770.04
Total for Income,7121 Goodner Mtn. Rd,272770.04
Gross Profit,7121 Goodner Mtn. Rd,272770.04
Admin Services,7121 Goodner Mtn. Rd,300
Cleaning services,7121 Goodner Mtn. Rd,425
Earnest money,7121 Goodner Mtn. Rd,1000
Labor,7121 Goodner Mtn. Rd,64000
Materials,7121 Goodner Mtn. Rd,23286.09
Photography,7121 Goodner Mtn. Rd,615
Property Purchase,7121 Goodner Mtn. Rd,175309.01
Third Party Vendors,7121 Goodner Mtn. Rd,24212.39
Total for Expenses,7121 Goodner Mtn. Rd,289147.49
Net Operating Income,7121 Goodner Mtn. Rd,-16377.450000000012
Net Income,7121 Goodner Mtn. Rd,-16377.450000000012
Sale of property,717 Jackson Cir.,76717.34
Total for Income,717 Jackson Cir.,76717.34
Gross Profit,717 Jackson Cir.,76717.34
Materials,717 Jackson Cir.,568.51
Property Purchase,717 Jackson Cir.,58860.92
Total for Expenses,717 Jackson Cir.,59429.43
Net Operating Income,717 Jackson Cir.,17287.909999999996
Net Income,717 Jackson Cir.,17287.909999999996
Sale of property,720 Darlene Dr,113775.39
Total for Income,720 Darlene Dr,113775.39
Gross Profit,720 Darlene Dr,113775.39
Admin Services,720 Darlene Dr,600
Dumpsters,720 Darlene Dr,3368.36
Earnest money,720 Darlene Dr,5000
Labor,720 Darlene Dr,40077.92
Materials,720 Darlene Dr,38255.04
Permits,720 Darlene Dr,1270
Photography,720 Darlene Dr,115
Third Party Vendors,720 Darlene Dr,14255.2
Total for Expenses,720 Darlene Dr,102941.52
Net Operating Income,720 Darlene Dr,10833.869999999995
Mortgage,720 Darlene Dr,3427.4
Total for Other Income,720 Darlene Dr,3427.4
Net Other Income,720 Darlene Dr,3427.4
Net Income,720 Darlene Dr,14261.269999999995
Sale of property,7218 Highway 75,93935.24
Total for Income,7218 Highway 75,93935.24
Gross Profit,7218 Highway 75,93935.24
Dumpsters,7218 Highway 75,1054.1
Labor,7218 Highway 75,29750
Materials,7218 Highway 75,17250.74
Permits,7218 Highway 75,133.8
Photography,7218 Highway 75,100
Property Insurance,7218 Highway 75,2036
Third Party Vendors,7218 Highway 75,5860.87
Total for Expenses,7218 Highway 75,56185.51
Net Operating Income,7218 Highway 75,37749.73
Net Income,7218 Highway 75,37749.73
Sale of property,726 argo margret,187400.67
Total for Income,726 argo margret,187400.67
Gross Profit,726 argo margret,187400.67
Materials,726 argo margret,27.57
Third Party Vendors,726 argo margret,2660
Total for Expenses,726 argo margret,2687.57
Net Operating Income,726 argo margret,184713.1
Net Income,726 argo margret,184713.1
Sale of property,7360 Old Acton Rd,203718.39
Total for Income,7360 Old Acton Rd,203718.39
Gross Profit,7360 Old Acton Rd,203718.39
Admin Services,7360 Old Acton Rd,250
Property Insurance,7360 Old Acton Rd,558.75
Total for Expenses,7360 Old Acton Rd,808.75
Net Operating Income,7360 Old Acton Rd,202909.64
Net Income,7360 Old Acton Rd,202909.64
Sale of property,75 Starlite Dr,57367.26
Total for Income,75 Starlite Dr,57367.26
Gross Profit,75 Starlite Dr,57367.26
Admin Services,75 Starlite Dr,330
Cleaning services,75 Starlite Dr,150
Dumpsters,75 Starlite Dr,1508.24
Earnest money,75 Starlite Dr,1000
Labor,75 Starlite Dr,22750
Materials,75 Starlite Dr,10146.77
Photography,75 Starlite Dr,115
Property Purchase,75 Starlite Dr,180733.85
Third Party Vendors,75 Starlite Dr,10209.2
Utilities,75 Starlite Dr,325
Total for Expenses,75 Starlite Dr,227268.06
Net Operating Income,75 Starlite Dr,-169900.8
Mortgage,75 Starlite Dr,201850
Total for Other Income,75 Starlite Dr,201850
Net Other Income,75 Starlite Dr,201850
Net Income,75 Starlite Dr,31949.20000000001
Sale of property,7504 Spencer Ln,97518.98
Total for Income,7504 Spencer Ln,97518.98
Gross Profit,7504 Spencer Ln,97518.98
Dumpsters,7504 Spencer Ln,2009.68
Earnest money,7504 Spencer Ln,1000
Interest Payment,7504 Spencer Ln,3540.52
Labor,7504 Spencer Ln,10740
Materials,7504 Spencer Ln,17576.88
Third Party Vendors,7504 Spencer Ln,16168.23
Utilities,7504 Spencer Ln,100
Total for Expenses,7504 Spencer Ln,51135.31
Net Operating Income,7504 Spencer Ln,46383.67
Net Income,7504 Spencer Ln,46383.67
Cleaning services,7510 Arrowhead Ln,960
Closing Costs,7510 Arrowhead Ln,20173.38
Dumpsters,7510 Arrowhead Ln,989.66
Interest Payment,7510 Arrowhead Ln,13899.99
Labor,7510 Arrowhead Ln,14369.6
Materials,7510 Arrowhead Ln,5034.32
Mortgage Payment,7510 Arrowhead Ln,5000
Office cleaning,7510 Arrowhead Ln,130
Office Mortgage Payment,7510 Arrowhead Ln,15000
Third Party Vendors,7510 Arrowhead Ln,4837.28
Utilities,7510 Arrowhead Ln,2002.48
Total for Expenses,7510 Arrowhead Ln,82396.70999999999
Net Operating Income,7510 Arrowhead Ln,-82396.70999999999
Mortgage,7510 Arrowhead Ln,135000
Total for Other Income,7510 Arrowhead Ln,135000
Net Other Income,7510 Arrowhead Ln,135000
Net Income,7510 Arrowhead Ln,52603.29000000001
Dumpsters,7514 Lake Vista Dr,407.53
Materials,7514 Lake Vista Dr,1032.9
Total for Expenses,7514 Lake Vista Dr,1440.43
Net Operating Income,7514 Lake Vista Dr,-1440.43
Net Income,7514 Lake Vista Dr,-1440.43
Photography,7536 Arrowhead Ln (deleted),175
Third Party Vendors,7536 Arrowhead Ln (deleted),14068.27
Utilities,7536 Arrowhead Ln (deleted),115.79
Total for Expenses,7536 Arrowhead Ln (deleted),14359.060000000001
Net Operating Income,7536 Arrowhead Ln (deleted),-14359.060000000001
Net Income,7536 Arrowhead Ln (deleted),-14359.060000000001
Property Purchase,7536 Old Acton Rd.,168263.42
Third Party Vendors,7536 Old Acton Rd.,800
Total for Expenses,7536 Old Acton Rd.,169063.42
Net Operating Income,7536 Old Acton Rd.,-169063.42
Net Income,7536 Old Acton Rd.,-169063.42
Sale of property,7541 Carriage Cove,242569.41
Total for Income,7541 Carriage Cove,242569.41
Gross Profit,7541 Carriage Cove,242569.41
Cleaning services,7541 Carriage Cove,200
Dumpsters,7541 Carriage Cove,2965.82
Interest Payment,7541 Carriage Cove,13435.27
Labor,7541 Carriage Cove,39054.13
Materials,7541 Carriage Cove,30828.01
Third Party Vendors,7541 Carriage Cove,39426.08
Utilities,7541 Carriage Cove,1242.86
Total for Expenses,7541 Carriage Cove,127152.17
Net Operating Income,7541 Carriage Cove,115417.24
Net Income,7541 Carriage Cove,115417.24
Cleaning services,7624 Happy Hollow Rd,250
Dumpsters,7624 Happy Hollow Rd,3726.75
Labor,7624 Happy Hollow Rd,28100
Materials,7624 Happy Hollow Rd,31212.65
Property Purchase,7624 Happy Hollow Rd,156243.8
Third Party Vendors,7624 Happy Hollow Rd,24449
Utilities,7624 Happy Hollow Rd,350.86
Total for Expenses,7624 Happy Hollow Rd,244333.05999999997
Net Operating Income,7624 Happy Hollow Rd,-244333.05999999997
Net Income,7624 Happy Hollow Rd,-244333.05999999997
Sale of property,7729 Shriner Dr.,208293.61
Total for Income,7729 Shriner Dr.,208293.61
Gross Profit,7729 Shriner Dr.,208293.61
Cleaning services,7729 Shriner Dr.,130
Dumpsters,7729 Shriner Dr.,1012.75
Interest Payment,7729 Shriner Dr.,3575.25
Labor,7729 Shriner Dr.,18715.14
Materials,7729 Shriner Dr.,13304.15
Property Purchase,7729 Shriner Dr.,112000
Third Party Vendors,7729 Shriner Dr.,10909.6
Utilities,7729 Shriner Dr.,46.13
Total for Expenses,7729 Shriner Dr.,159693.02000000002
Net Operating Income,7729 Shriner Dr.,48600.58999999997
Net Income,7729 Shriner Dr.,48600.58999999997
Sales (deleted),800 Sherwood Forest,67089.65
Total for Income,800 Sherwood Forest,67089.65
Gross Profit,800 Sherwood Forest,67089.65
Third Party Vendors,800 Sherwood Forest,967
Total for Expenses,800 Sherwood Forest,967
Net Operating Income,800 Sherwood Forest,66122.65
Net Income,800 Sherwood Forest,66122.65
Cleaning services,8056 Carrington Dr,580
Dumpsters,8056 Carrington Dr,407.53
Labor,8056 Carrington Dr,12010
Materials,8056 Carrington Dr,17604.78
Staging and Interiors,8056 Carrington Dr,9388.33
Third Party Vendors,8056 Carrington Dr,19192.29
Utilities,8056 Carrington Dr,13258.64
Total for Expenses,8056 Carrington Dr,72441.57
Net Operating Income,8056 Carrington Dr,-72441.57
Mortgage,8056 Carrington Dr,255000
Total for Other Income,8056 Carrington Dr,255000
Net Other Income,8056 Carrington Dr,255000
Net Income,8056 Carrington Dr,182558.43
Sale of property,808 Hillview Dr,226155.28
Total for Income,808 Hillview Dr,226155.28
Gross Profit,808 Hillview Dr,226155.28
Admin Services,808 Hillview Dr,300
Cleaning services,808 Hillview Dr,150
Dumpsters,808 Hillview Dr,2835.77
Earnest money,808 Hillview Dr,1000
Labor,808 Hillview Dr,40212.42
Materials,808 Hillview Dr,35035.6
Photography,808 Hillview Dr,115
Property Purchase,808 Hillview Dr,60175.27
Third Party Vendors,808 Hillview Dr,43471.59
Total for Expenses,808 Hillview Dr,183295.65
Net Operating Income,808 Hillview Dr,42859.630000000005
Net Income,808 Hillview Dr,42859.630000000005
Third Party Vendors,813 Windover Pl,980
Total for Expenses,813 Windover Pl,980
Net Operating Income,813 Windover Pl,-980
Net Income,813 Windover Pl,-980
Sale of property,819 Sherwood Forest Dr,135110.92
Total for Income,819 Sherwood Forest Dr,135110.92
Gross Profit,819 Sherwood Forest Dr,135110.92
Cleaning services,819 Sherwood Forest Dr,180
Dumpsters,819 Sherwood Forest Dr,2840.81
Interest Payment,819 Sherwood Forest Dr,3282.27
Labor,819 Sherwood Forest Dr,29350
Materials,819 Sherwood Forest Dr,21885.41
Property Purchase,819 Sherwood Forest Dr,24525.69
Third Party Vendors,819 Sherwood Forest Dr,29210.86
Utilities,819 Sherwood Forest Dr,1801.11
Total for Expenses,819 Sherwood Forest Dr,113076.15000000001
Net Operating Income,819 Sherwood Forest Dr,22034.770000000004
Net Income,819 Sherwood Forest Dr,22034.770000000004
Dumpsters,82 Co Rd 874,420
Interest Payment,82 Co Rd 874,2258.69
Labor,82 Co Rd 874,19750
Materials,82 Co Rd 874,18037.17
Property Insurance,82 Co Rd 874,825.93
Property Purchase,82 Co Rd 874,45292.27
Third Party Vendors,82 Co Rd 874,9781
Utilities,82 Co Rd 874,945.56
Total for Expenses,82 Co Rd 874,97310.62
Net Operating Income,82 Co Rd 874,-97310.62
Net Income,82 Co Rd 874,-97310.62
Materials,8203 Hwy 119,6536.59
Total for Expenses,8203 Hwy 119,6536.59
Net Operating Income,8203 Hwy 119,-6536.59
Net Income,8203 Hwy 119,-6536.59
Cleaning services,828 Jeffrey Ln,263.33
Dumpsters,828 Jeffrey Ln,4494.99
Interest Payment,828 Jeffrey Ln,5226.67
Labor,828 Jeffrey Ln,27700
Materials,828 Jeffrey Ln,36100.48
Property Purchase,828 Jeffrey Ln,121821.36
Third Party Vendors,828 Jeffrey Ln,17379.4
Utilities,828 Jeffrey Ln,839.14
Total for Expenses,828 Jeffrey Ln,213825.37000000002
Net Operating Income,828 Jeffrey Ln,-213825.37000000002
Mortgage,828 Jeffrey Ln,130000
Total for Other Income,828 Jeffrey Ln,130000
Net Other Income,828 Jeffrey Ln,130000
Net Income,828 Jeffrey Ln,-83825.37000000002
Sale of property,8304 5th Ave. S.,120920
Total for Income,8304 5th Ave. S.,120920
Gross Profit,8304 5th Ave. S.,120920
Admin Services,8304 5th Ave. S.,300
Dumpsters,8304 5th Ave. S.,2333.99
Labor,8304 5th Ave. S.,36550
Materials,8304 5th Ave. S.,36822.2
Photography,8304 5th Ave. S.,115
Property Insurance,8304 5th Ave. S.,1046
Property Purchase,8304 5th Ave. S.,66028.7
Third Party Vendors,8304 5th Ave. S.,24884.73
Total for Expenses,8304 5th Ave. S.,168080.62000000002
Net Operating Income,8304 5th Ave. S.,-47160.620000000024
Net Income,8304 5th Ave. S.,-47160.620000000024
Sale of property,8313 Farley Ave.,190715.87
Total for Income,8313 Farley Ave.,190715.87
Gross Profit,8313 Farley Ave.,190715.87
Cleaning services,8313 Farley Ave.,280
Dumpsters,8313 Farley Ave.,1436.85
Earnest money,8313 Farley Ave.,1000
Labor,8313 Farley Ave.,41100
Materials,8313 Farley Ave.,29120.62
Permits,8313 Farley Ave.,1355
Photography,8313 Farley Ave.,100
Property Insurance,8313 Farley Ave.,716
Property Purchase,8313 Farley Ave.,55201.55
Third Party Vendors,8313 Farley Ave.,23493.75
Total for Expenses,8313 Farley Ave.,153803.77000000002
Net Operating Income,8313 Farley Ave.,36912.09999999998
Net Income,8313 Farley Ave.,36912.09999999998
Sale of property,832 Zellmark Dr,104678.01
Total for Income,832 Zellmark Dr,104678.01
Gross Profit,832 Zellmark Dr,104678.01
Admin Services,832 Zellmark Dr,250
Cleaning services,832 Zellmark Dr,150
Closing Costs,832 Zellmark Dr,1528.6
Dumpsters,832 Zellmark Dr,854.9
Interest Payment,832 Zellmark Dr,2440.02
Labor,832 Zellmark Dr,17700
Materials,832 Zellmark Dr,12361.89
Photography,832 Zellmark Dr,100
Property Insurance,832 Zellmark Dr,3039.25
Third Party Vendors,832 Zellmark Dr,9889.6
Total for Expenses,832 Zellmark Dr,48314.26
Net Operating Income,832 Zellmark Dr,56363.74999999999
Net Income,832 Zellmark Dr,56363.74999999999
Third Party Vendors,8403 5th Ave S,135
Total for Expenses,8403 5th Ave S,135
Net Operating Income,8403 5th Ave S,-135
Net Income,8403 5th Ave S,-135
Sale of property,8491 Clayton Cove,136310.88
Total for Income,8491 Clayton Cove,136310.88
Gross Profit,8491 Clayton Cove,136310.88
Cleaning services,8491 Clayton Cove,150
Closing Costs,8491 Clayton Cove,1868.68
Dumpsters,8491 Clayton Cove,2396.26
Labor,8491 Clayton Cove,36000
Materials,8491 Clayton Cove,26705.66
Third Party Vendors,8491 Clayton Cove,17932.01
Total for Expenses,8491 Clayton Cove,85052.61
Net Operating Income,8491 Clayton Cove,51258.270000000004
Net Income,8491 Clayton Cove,51258.270000000004
Sale of property,8495 Clayton Cove,116604.13
Total for Income,8495 Clayton Cove,116604.13
Gross Profit,8495 Clayton Cove,116604.13
Admin Services,8495 Clayton Cove,300
Cleaning services,8495 Clayton Cove,150
Dumpsters,8495 Clayton Cove,1639.36
Interest Payment,8495 Clayton Cove,3333.34
Labor,8495 Clayton Cove,35000
Materials,8495 Clayton Cove,31202.95
Third Party Vendors,8495 Clayton Cove,32451.6
Total for Expenses,8495 Clayton Cove,104077.25
Net Operating Income,8495 Clayton Cove,12526.880000000005
Mortgage,8495 Clayton Cove,49300.58
Total for Other Income,8495 Clayton Cove,49300.58
Net Other Income,8495 Clayton Cove,49300.58
Net Income,8495 Clayton Cove,61827.46000000001
Labor,8516 Highland Trace,5500
Materials,8516 Highland Trace,2278.87
Total for Expenses,8516 Highland Trace,7778.87
Net Operating Income,8516 Highland Trace,-7778.87
Net Income,8516 Highland Trace,-7778.87
Sale of property,867 Sandlin Dr.,139903.18
Total for Income,867 Sandlin Dr.,139903.18
Gross Profit,867 Sandlin Dr.,139903.18
Dumpsters,867 Sandlin Dr.,2929.67
Labor,867 Sandlin Dr.,23833.9
Materials,867 Sandlin Dr.,19084.22
Permits,867 Sandlin Dr.,120
Property Purchase,867 Sandlin Dr.,26147.64
Third Party Vendors,867 Sandlin Dr.,17238.61
Total for Expenses,867 Sandlin Dr.,89354.04
Net Operating Income,867 Sandlin Dr.,50549.14
Net Income,867 Sandlin Dr.,50549.14
Sale of property,89 Lakshore Rd,258915.38
Total for Income,89 Lakshore Rd,258915.38
Gross Profit,89 Lakshore Rd,258915.38
Cleaning services,89 Lakshore Rd,330
Dumpsters,89 Lakshore Rd,9106.94
Labor,89 Lakshore Rd,47037.33
Materials,89 Lakshore Rd,45455.12
Property Purchase,89 Lakshore Rd,39217.67
Survey,89 Lakshore Rd,2500
Third Party Vendors,89 Lakshore Rd,48561.66
Utilities,89 Lakshore Rd,1362.37
Total for Expenses,89 Lakshore Rd,193571.09
Net Operating Income,89 Lakshore Rd,65344.29000000001
Net Income,89 Lakshore Rd,65344.29000000001
Sale of property,90 Buddy Ln,153103.7
Total for Income,90 Buddy Ln,153103.7
Gross Profit,90 Buddy Ln,153103.7
Cleaning services,90 Buddy Ln,150
Dumpsters,90 Buddy Ln,1007.85
Labor,90 Buddy Ln,23429.05
Materials,90 Buddy Ln,12393.85
Property Purchase,90 Buddy Ln,53965.27
Third Party Vendors,90 Buddy Ln,12260.2
Total for Expenses,90 Buddy Ln,103206.21999999999
Net Operating Income,90 Buddy Ln,49897.480000000025
Net Income,90 Buddy Ln,49897.480000000025
Sale of property,909 Winchester Cir,100962.73
Total for Income,909 Winchester Cir,100962.73
Gross Profit,909 Winchester Cir,100962.73
Cleaning services,909 Winchester Cir,200
Closing Costs,909 Winchester Cir,1607.52
Dumpsters,909 Winchester Cir,1920.6
Interest Payment,909 Winchester Cir,7350
Labor,909 Winchester Cir,19624.13
Materials,909 Winchester Cir,21422.45
Third Party Vendors,909 Winchester Cir,27270.74
Utilities,909 Winchester Cir,1445.53
Total for Expenses,909 Winchester Cir,80840.97
Net Operating Income,909 Winchester Cir,20121.759999999995
Net Income,909 Winchester Cir,20121.759999999995
Sale of property,911 Bagley Ln.,191360.07
Total for Income,911 Bagley Ln.,191360.07
Gross Profit,911 Bagley Ln.,191360.07
Admin Services,911 Bagley Ln.,330
Closing Costs,911 Bagley Ln.,87
Dumpsters,911 Bagley Ln.,4285.73
Labor,911 Bagley Ln.,26300
Materials,911 Bagley Ln.,32225.53
Photography,911 Bagley Ln.,165
Property Purchase,911 Bagley Ln.,150705.01
Third Party Vendors,911 Bagley Ln.,27339.1
Total for Expenses,911 Bagley Ln.,241437.37000000002
Net Operating Income,911 Bagley Ln.,-50077.30000000002
Mortgage,911 Bagley Ln.,110000
Total for Other Income,911 Bagley Ln.,110000
Net Other Income,911 Bagley Ln.,110000
Net Income,911 Bagley Ln.,59922.69999999998
Sale of property,915 Rose Dr.,232899.59
Total for Income,915 Rose Dr.,232899.59
Gross Profit,915 Rose Dr.,232899.59
Admin Services,915 Rose Dr.,600
Attorney Fees,915 Rose Dr.,343.75
Dumpsters,915 Rose Dr.,3161.48
Earnest money,915 Rose Dr.,1000
Labor,915 Rose Dr.,41362.31
Materials,915 Rose Dr.,35874.01
Permits,915 Rose Dr.,1570
Photography,915 Rose Dr.,125
Property Insurance,915 Rose Dr.,967.5
Property Purchase,915 Rose Dr.,105003.88
Third Party Vendors,915 Rose Dr.,45503.24
Total for Expenses,915 Rose Dr.,235511.16999999998
Net Operating Income,915 Rose Dr.,-2611.579999999987
Net Income,915 Rose Dr.,-2611.579999999987
Dumpsters,920 Coupland Rd,541.59
Total for Expenses,920 Coupland Rd,541.59
Net Operating Income,920 Coupland Rd,-541.59
Net Income,920 Coupland Rd,-541.59
Dumpsters,920 Wear Dr,559.68
Earnest money,920 Wear Dr,1500
Interest Payment,920 Wear Dr,3333.32
Labor,920 Wear Dr,18082.03
Materials,920 Wear Dr,15174.81
Property Insurance,920 Wear Dr,1113.24
Third Party Vendors,920 Wear Dr,4256.86
Utilities,920 Wear Dr,802.15
Total for Expenses,920 Wear Dr,44822.09
Net Operating Income,920 Wear Dr,-44822.09
Net Income,920 Wear Dr,-44822.09
Sale of property,925 1st Ave,112114.44
Total for Income,925 1st Ave,112114.44
Gross Profit,925 1st Ave,112114.44
Dumpsters,925 1st Ave,1706.75
Interest Payment,925 1st Ave,3200.01
Labor,925 1st Ave,18905.2
Materials,925 1st Ave,15113.27
Property Purchase,925 1st Ave,161040.72
Third Party Vendors,925 1st Ave,17082
Total for Expenses,925 1st Ave,217047.95
Net Operating Income,925 1st Ave,-104933.51000000001
Mortgage,925 1st Ave,160000
Total for Other Income,925 1st Ave,160000
Net Other Income,925 1st Ave,160000
Net Income,925 1st Ave,55066.48999999999
Sale of property,9311 Dunnavant Valley Rd,185435.72
Total for Income,9311 Dunnavant Valley Rd,185435.72
Gross Profit,9311 Dunnavant Valley Rd,185435.72
Cleaning services,9311 Dunnavant Valley Rd,460
Closing Costs,9311 Dunnavant Valley Rd,6041.25
Dumpsters,9311 Dunnavant Valley Rd,5546.55
Interest Payment,9311 Dunnavant Valley Rd,17500
Labor,9311 Dunnavant Valley Rd,60545
Materials,9311 Dunnavant Valley Rd,72128.24
Property Insurance,9311 Dunnavant Valley Rd,724
Referal Fee,9311 Dunnavant Valley Rd,5000
Staging and Interiors,9311 Dunnavant Valley Rd,6160
Third Party Vendors,9311 Dunnavant Valley Rd,53169.47
Utilities,9311 Dunnavant Valley Rd,2765.76
Total for Expenses,9311 Dunnavant Valley Rd,230040.27000000002
Net Operating Income,9311 Dunnavant Valley Rd,-44604.55000000002
Net Income,9311 Dunnavant Valley Rd,-44604.55000000002
Dumpsters,936 Kathryne Cir,1458.73
Labor,936 Kathryne Cir,24565.79
Materials,936 Kathryne Cir,11060.02
Property Purchase,936 Kathryne Cir,-122570.18
Third Party Vendors,936 Kathryne Cir,14159
Total for Expenses,936 Kathryne Cir,-71326.63999999998
Net Operating Income,936 Kathryne Cir,71326.63999999998
Net Income,936 Kathryne Cir,71326.63999999998
Sale of property,936 Pineview Rd,110045.12
Total for Income,936 Pineview Rd,110045.12
Gross Profit,936 Pineview Rd,110045.12
Dumpsters,936 Pineview Rd,266.51
Property Purchase,936 Pineview Rd,81365.39
Total for Expenses,936 Pineview Rd,81631.9
Net Operating Income,936 Pineview Rd,28413.22
Net Income,936 Pineview Rd,28413.22
Sale of property,9389 Central Rd,209831.5
Total for Income,9389 Central Rd,209831.5
Gross Profit,9389 Central Rd,209831.5
Dumpsters,9389 Central Rd,3912.3
Interest Payment,9389 Central Rd,15469.87
Labor,9389 Central Rd,44175
Materials,9389 Central Rd,37062.78
Property Purchase,9389 Central Rd,160000
Third Party Vendors,9389 Central Rd,14439.8
Utilities,9389 Central Rd,1219.91
Total for Expenses,9389 Central Rd,276279.66
Net Operating Income,9389 Central Rd,-66448.15999999997
Mortgage,9389 Central Rd,263852.31
Total for Other Income,9389 Central Rd,263852.31
Payoff,9389 Central Rd,105280
Total for Other Expenses,9389 Central Rd,105280
Net Other Income,9389 Central Rd,158572.31
Net Income,9389 Central Rd,92124.15000000002
Sale of property,939 Gene Reed Rd,100374
Total for Income,939 Gene Reed Rd,100374
Gross Profit,939 Gene Reed Rd,100374
Admin Services,939 Gene Reed Rd,300
Closing Costs,939 Gene Reed Rd,5000
Dumpsters,939 Gene Reed Rd,556.97
Labor,939 Gene Reed Rd,13299.96
Materials,939 Gene Reed Rd,4936.76
Photography,939 Gene Reed Rd,415
Property Purchase,939 Gene Reed Rd,136029.96
Third Party Vendors,939 Gene Reed Rd,2798
Total for Expenses,939 Gene Reed Rd,163336.65
Net Operating Income,939 Gene Reed Rd,-62962.649999999994
Mortgage,939 Gene Reed Rd,140000
Total for Other Income,939 Gene Reed Rd,140000
Net Other Income,939 Gene Reed Rd,140000
Net Income,939 Gene Reed Rd,77037.35
Advertising and Promotion,Buisness Cards,207.92
Total for Expenses,Buisness Cards,207.92
Net Operating Income,Buisness Cards,-207.92
Net Income,Buisness Cards,-207.92
Automobile Expense,Car tags,3633.34
Total for Expenses,Car tags,3633.34
Net Operating Income,Car tags,-3633.34
Net Income,Car tags,-3633.34
Automobile Expense,Chase Smith,46.9
Payroll,Chase Smith,10762.75
Total for Expenses,Chase Smith,10809.65
Net Operating Income,Chase Smith,-10809.65
Net Income,Chase Smith,-10809.65
Materials,Clairmont,5167.55
Total for Expenses,Clairmont,5167.55
Net Operating Income,Clairmont,-5167.55
Net Income,Clairmont,-5167.55
Interest Payment,Company Loan,336330.74
Total for Expenses,Company Loan,336330.74
Net Operating Income,Company Loan,-336330.74
Payoff,Company Loan,766000
Total for Other Expenses,Company Loan,766000
Net Other Income,Company Loan,-766000
Net Income,Company Loan,-1102330.74
Office Supplies,Company shirts,197.93
Total for Expenses,Company shirts,197.93
Net Operating Income,Company shirts,-197.93
Net Income,Company shirts,-197.93
Materials,General,1276.26
Total for Expenses,General,1276.26
Net Operating Income,General,-1276.26
Net Income,General,-1276.26
Third Party Vendors,Highland Trail,2800
Total for Expenses,Highland Trail,2800
Net Operating Income,Highland Trail,-2800
Net Income,Highland Trail,-2800
Automobile Expense,Joe Mangione,1385.03
Independent Contractor,Joe Mangione,1202
Labor,Joe Mangione,5018
Materials,Joe Mangione,9599.65
Total for Expenses,Joe Mangione,17204.68
Net Operating Income,Joe Mangione,-17204.68
Net Income,Joe Mangione,-17204.68
Automobile Expense,Logan Pate,767.13
Employee Insurance,Logan Pate,3370.34
Materials,Logan Pate,0.84
Office Supplies,Logan Pate,948.69
Payroll,Logan Pate,16610.22
Total for Expenses,Logan Pate,21697.22
Net Operating Income,Logan Pate,-21697.22
Net Income,Logan Pate,-21697.22
Accidental Purchase,Morgan,760
Owner Distribution,Morgan,6000
Total for Expenses,Morgan,6760
Net Operating Income,Morgan,-6760
Net Income,Morgan,-6760
Accounting Fees,Office,500
Admin Services,Office,120
Advertising and Promotion,Office,53326.78
Automobile Expense,Office,22927.56
Bank Fees,Office,698.5
Cleaning services,Office,4570
Computer and Internet Expenses,Office,20504.31
Employee Appreciation,Office,500.85
Employee Insurance,Office,3194.82
Equipment,Office,35070.72
Interest Payment,Office,40287.71
Labor,Office,1145
Materials,Office,13368.64
Meals,Office,12873.89
Office cleaning,Office,16260
Office Expenses,Office,193.38
Office Mortgage Payment,Office,20000
Office Supplies,Office,45120.02
Owner Distribution,Office,150000
Payroll,Office,536125.11
Payroll Expenses,Office,3866.82
Payroll Tax Expenses,Office,158860.29
Phone services,Office,6548.14
Photography,Office,230
Post cards,Office,31534.72
Professional Fees,Office,13900
real estate expenses,Office,370
Third Party Vendors,Office,13414
Utilities,Office,526.39
Total for Expenses,Office,1206037.6499999997
Net Operating Income,Office,-1206037.6499999997
Net Income,Office,-1206037.6499999997
Tax payments,Payroll tax,1896.45
Total for Expenses,Payroll tax,1896.45
Net Operating Income,Payroll tax,-1896.45
Net Income,Payroll tax,-1896.45
Advertising and Promotion,Post Cards,7016.47
Professional Fees,Post Cards,100
Total for Expenses,Post Cards,7116.47
Net Operating Income,Post Cards,-7116.47
Net Income,Post Cards,-7116.47
Property Purchase,Rocky Bldg,44238.25
Total for Expenses,Rocky Bldg,44238.25
Net Operating Income,Rocky Bldg,-44238.25
Net Income,Rocky Bldg,-44238.25
Advertising and Promotion,Trade Flow,3800
Materials,Trade Flow,27100.51
Permits,Trade Flow,145.3
Property Purchase,Trade Flow,10000
Reimbursment,Trade Flow,-3800
Storage,Trade Flow,34380
Third Party Vendors,Trade Flow,156018.88
Total for Expenses,Trade Flow,227644.69
Net Operating Income,Trade Flow,-227644.69
Net Income,Trade Flow,-227644.69
Auction,auctions,5000
Total for Expenses,auctions,5000
Net Operating Income,auctions,-5000
Net Income,auctions,-5000
Office Supplies,checks,334.85
Total for Expenses,checks,334.85
Net Operating Income,checks,-334.85
Net Income,checks,-334.85
Office Supplies,security cameras,339.29
Total for Expenses,security cameras,339.29
Net Operating Income,security cameras,-339.29
Net Income,security cameras,-339.29
Automobile Expense,truck tag,1089.13
Total for Expenses,truck tag,1089.13
Net Operating Income,truck tag,-1089.13
Net Income,truck tag,-1089.13
Automobile Expense,work truck,2452.37
Equipment,work truck,68746.74
Total for Expenses,work truck,71199.11
Net Operating Income,work truck,-71199.11
Net Income,work truck,-71199.11
Rental Income,Not specified,281207.4
Property Management,Not specified,11719.97
Total for Rental Income,Not specified,292927.37
Sale of property,Not specified,208657.44
Uncategorized Income,Not specified,1059.98
Total for Income,Not specified,502644.79
Gross Profit,Not specified,502644.79
Accidental Deposit,Not specified,-1426
Accounting Fees,Not specified,4750
Admin Services,Not specified,2600
Advertising and Promotion,Not specified,606849.03
Auction,Not specified,10036
Auto Insurance,Not specified,16858.07
Automobile Expense,Not specified,341345.75
Bank Fees,Not specified,11807.61
Bank Service Charges,Not specified,325
Builders License,Not specified,35
Business License,Not specified,2210.93
Capital Redistribution,Not specified,50000
Charitable Contributions,Not specified,56776
Cleaning services,Not specified,1970
Client Appreciation,Not specified,202.29
Client Lunch,Not specified,3344.07
Closing Costs,Not specified,-69174.54
Computer and Internet Expenses,Not specified,19224.22
Conference,Not specified,147
Consulting fee,Not specified,20222.5
Continuing Education,Not specified,1352.1
Dumpsters,Not specified,5123.58
Employee Appreciation,Not specified,2475.59
Employee Insurance,Not specified,35454.74
Equipment,Not specified,166839.28
General Permits,Not specified,1130.26
Gold Investment,Not specified,55831
HOA Fees,Not specified,360
Independent Contractor,Not specified,24232
Interest Payment,Not specified,75674.12
Labor,Not specified,71099.51
Legal Fees,Not specified,11357.71
Materials,Not specified,12199.21
Meals,Not specified,54859.66
Mortgage Payment,Not specified,7305.07
Office cleaning,Not specified,13420
Office Expenses,Not specified,1628.43
Office Mortgage Payment,Not specified,5000
Office Supplies,Not specified,38977.56
Owner Distribution,Not specified,1578759.91
Parking,Not specified,27.95
Payroll,Not specified,989677.54
Payroll Expenses,Not specified,4036.82
Payroll Tax Expenses,Not specified,254056.5
Permits,Not specified,2718.12
Phone services,Not specified,1445.11
Photography,Not specified,1110
Post cards,Not specified,36108.48
Professional Fees,Not specified,36210.06
Property Insurance,Not specified,53999.58
Property Purchase,Not specified,51405
Property taxes,Not specified,77010.01
real estate expenses,Not specified,17222.9
Referal Fee,Not specified,10000
Refunds,Not specified,-147
Reimbursment,Not specified,3984.11
Service fees,Not specified,184.35
Silver Investment,Not specified,169326.34
Staging and Interiors,Not specified,9621.89
Storage,Not specified,534
Tax payments,Not specified,876990.7
Telephone Expense,Not specified,3213.48
Third Party Vendors,Not specified,65251.73
Travel Expense,Not specified,2000
Utilities,Not specified,181224.63
Website Domain,Not specified,371.56
Zoning Variance,Not specified,50
Total for Expenses,Not specified,6088816.520000001
Net Operating Income,Not specified,-5586171.730000001
Mortgage,Not specified,148565.96
Real estate commisions,Not specified,419503.5
Total for Other Income,Not specified,568069.46
Accidental/Miscellaneous Charge,Not specified,478.21
Ask My Accountant,Not specified,-186675.55
Redistribution of Capital,Not specified,200000
Transfer,Not specified,10
Total for Other Expenses,Not specified,13812.660000000003
Net Other Income,Not specified,554256.7999999999
Net Income,Not specified,-5031914.930000002
